rank,participant_id,elapsed_minutes,runs_with_value,mean_best_feasible_loss,std_best_feasible_loss,sem_best_feasible_loss,median_best_feasible_loss,minimum_best_feasible_loss,maximum_best_feasible_loss,exact_run_count,sampled_upper_bound_run_count,missing_run_count
1,jagarwal,15,10,0.32414055420151183,0.25938948882832763,0.08202615858043158,0.4104601591825485,-0.07622814923524857,0.7335315346717834,1,9,0
1,jagarwal,30,10,0.21547474783105525,0.25005661723864797,0.07907484544710516,0.23233608296468006,-0.1461791769022722,0.6598013043403625,5,5,0
1,jagarwal,60,10,0.12652850371045737,0.22917497357596261,0.07247148992089451,0.10000068394412201,-0.17870308458805084,0.4578489363193512,5,5,0
1,jagarwal,120,10,0.12069686154378204,0.22657885648054404,0.07165052561149218,0.08000993428696793,-0.17870308458805084,0.444509893655777,6,4,0
1,jagarwal,180,10,0.03844963903885317,0.2191832722136921,0.06931183652039631,0.059916472477745196,-0.2614739033502797,0.38347244544922093,9,1,0
1,jagarwal,240,10,0.01967436953382796,0.1985352125763108,0.06278234674868478,0.059916472477745196,-0.2614739033502797,0.38347244544922093,10,0,0
2,giannischalk,15,10,0.49074835479259493,0.060942631023230415,0.019271752063664594,0.5005417019128799,0.3731261193752289,0.5994904041290283,0,10,0
2,giannischalk,30,10,0.391996793448925,0.15705739009581837,0.04966590760643569,0.45702821016311646,0.050558075308799744,0.5415306091308594,0,10,0
2,giannischalk,60,10,0.3504922494292259,0.14122782637808579,0.044660160034955924,0.4290711432695389,0.050558075308799744,0.45495250821113586,0,10,0
2,giannischalk,120,10,0.20231339074671267,0.17284596491461476,0.05465869334997337,0.19236965477466583,-0.11997251957654953,0.42926180362701416,0,10,0
2,giannischalk,180,10,0.13545296192840342,0.18064176283156766,0.05712394110957011,0.1642773598432541,-0.2116421266200587,0.40231993794441223,3,7,0
2,giannischalk,240,10,0.07087095338847518,0.15234493997905385,0.04817570003354546,0.12395950246021109,-0.2116421266200587,0.2722177800577272,10,0,0
3,seament,15,10,0.4284629374742508,0.2564932706888504,0.08111029398828726,0.40853849053382874,0.1594155877828598,0.9987908005714417,0,10,0
3,seament,30,10,0.278447911888361,0.12630057682249962,0.03993974925521707,0.2794761210680008,0.1016993448138237,0.4697270691394806,0,10,0
3,seament,60,10,0.22098968038335443,0.1534652151233827,0.04852996213976076,0.1955835372209549,-0.01431285310536623,0.42031073570251465,0,10,0
3,seament,120,10,0.18596021490974754,0.16728211663277107,0.05289925003734932,0.18905650241591188,-0.08527667820453644,0.3796243369579315,1,9,0
3,seament,180,10,0.1744526635376963,0.17264931855822435,0.05459650831199668,0.18845908506132814,-0.10557770729064941,0.3593953549861908,1,9,0
3,seament,240,10,0.17141276882260076,0.17537962844493027,0.05545990810800338,0.1877080272180357,-0.11589343577451251,0.3592384196007179,10,0,0
4,bohanlyu,15,10,0.4037208236753941,0.13659245779494306,0.04319432778324406,0.4491947144269943,0.10987178236246109,0.5829771757125854,0,10,0
4,bohanlyu,30,10,0.3586951257660985,0.1411779857811334,0.04464439905432473,0.43922059237957,0.02468462474644184,0.4671251177787781,0,10,0
4,bohanlyu,60,10,0.3341728152707219,0.14653496647336675,0.04633842509122501,0.4263806641101837,0.02468462474644184,0.44477954506874084,0,10,0
4,bohanlyu,120,10,0.2535665735602379,0.1490031656932307,0.047118938216607086,0.21731772273778915,0.015742897987365723,0.4289689362049103,0,10,0
4,bohanlyu,180,10,0.20336607433855533,0.18530087821508404,0.058597282758914175,0.18223847448825836,-0.08023681491613388,0.427109956741333,0,10,0
4,bohanlyu,240,10,0.17975922514318146,0.19371485077201275,0.061258014503918726,0.1637137717584226,-0.12547446378990584,0.4177483991549748,10,0,0
5,rishivg,15,10,0.6761676758527756,0.1714517746607937,0.05421781168060509,0.655105471611023,0.363108366727829,0.929000198841095,0,10,0
5,rishivg,30,10,0.43472556471824647,0.1287056945582235,0.04070031426379251,0.4564513564109802,0.1075643002986908,0.5756554007530212,0,10,0
5,rishivg,60,10,0.34054794646799563,0.14311649690294617,0.04525741009577437,0.41175423562526703,0.06074381247162819,0.4583657681941986,0,10,0
5,rishivg,120,10,0.29767563975909217,0.13445374378256855,0.04251800702896196,0.37324471024467853,0.06074381247162819,0.4296588897705078,1,9,0
5,rishivg,180,10,0.27946106157758693,0.13111537340497137,0.04146232162231762,0.36429353058338165,0.04137172922492027,0.3992840051651001,1,9,0
5,rishivg,240,10,0.21520292622682727,0.1304403494825962,0.041248860315337,0.18721501078311337,-0.015279108129510933,0.3775388389377837,10,0,0
6,chengwei_chu,15,10,0.9608813256025315,0.6732863596126356,0.21291184138991312,0.7489047646522522,0.436029314994812,2.6373534202575684,0,10,0
6,chengwei_chu,30,10,0.673006558418274,0.5444010178014803,0.17215471767665494,0.5915668308734894,0.20591555535793304,2.097382068634033,0,10,0
6,chengwei_chu,60,10,0.40600851029157636,0.22173467818678297,0.07011866193146886,0.43354010581970215,0.15747451782226562,0.9311887621879578,0,10,0
6,chengwei_chu,120,10,0.30347997825592754,0.1578568583239416,0.04991872165821654,0.36413948237895966,-0.027384357526898384,0.4570114016532898,0,10,0
6,chengwei_chu,180,10,0.2827013373374939,0.1632560495116485,0.05162609582580288,0.3337143212556839,-0.06168985366821289,0.44413113594055176,0,10,0
6,chengwei_chu,240,10,0.2622609883790155,0.18371213837816636,0.05809487910950374,0.30915445956817056,-0.1544389855788297,0.43511169500625785,10,0,0
7,littlestronomer,15,10,2.5660977363586426,0.8655129009102077,0.2736992111135878,2.3038896322250366,1.5186035633087158,4.453176498413086,0,10,0
7,littlestronomer,30,10,0.5965823948383331,0.18653068348295485,0.0589861813314087,0.5939413607120514,0.2588803172111511,0.8873656392097473,0,10,0
7,littlestronomer,60,10,0.43770179599523545,0.1285966963459819,0.040665846002635515,0.448247566819191,0.20736654102802277,0.6853428483009338,0,10,0
7,littlestronomer,120,10,0.3858379364013672,0.11677917297446687,0.036928816987009554,0.4202302098274231,0.17296439409255981,0.5505454540252686,0,10,0
7,littlestronomer,180,10,0.36771315336227417,0.11444258848455732,0.03618992409365586,0.4152873307466507,0.16591066122055054,0.5110135674476624,0,10,0
7,littlestronomer,240,10,0.2925060060924565,0.15180332629519985,0.048004426748256154,0.32553487964629835,0.0027084166928728805,0.4472216396100236,10,0,0
8,jan_vandelden,15,10,0.6277932554483414,0.11831243559333054,0.03741367719968994,0.65834641456604,0.4604044556617737,0.813157320022583,0,10,0
8,jan_vandelden,30,10,0.5340760737657547,0.10235320869730229,0.032366926531003086,0.5010644495487213,0.43136313557624817,0.7240294218063354,0,10,0
8,jan_vandelden,60,10,0.467639422416687,0.06687056513216359,0.021146329424027548,0.4495637118816376,0.4188390076160431,0.6426340937614441,0,10,0
8,jan_vandelden,120,10,0.38714432487041994,0.11127803645051626,0.035189204873487014,0.4189604145363589,0.08483763784170151,0.4819771349430084,1,9,0
8,jan_vandelden,180,10,0.36578804650539404,0.14064339387493538,0.04447534625009704,0.4123526287153979,-0.015188388526439667,0.4819771349430084,4,6,0
8,jan_vandelden,240,10,0.33013045865750174,0.20199835761609966,0.06387748936800951,0.3920175792954722,-0.2291539580382926,0.47962155514001603,10,0,0
9,bamba,15,10,0.5509309560060501,0.24620159538531283,0.07785578049847891,0.5980872809886932,0.16792669892311096,0.9632124900817871,0,10,0
9,bamba,30,10,0.45758423358201983,0.19251638192264695,0.060879025377043004,0.48720675706863403,0.15761850774288177,0.6719892621040344,0,10,0
9,bamba,60,10,0.4163410431063899,0.19503795787987194,0.061676417708838034,0.44270845628582356,0.14588982313556428,0.6719892621040344,7,3,0
9,bamba,120,10,0.38892019509627507,0.16599114645317412,0.05249100942146102,0.44270845628582356,0.14588982313556428,0.6214542984962463,8,2,0
9,bamba,180,10,0.38892019509627507,0.16599114645317412,0.05249100942146102,0.44270845628582356,0.14588982313556428,0.6214542984962463,8,2,0
9,bamba,240,10,0.35111378589552594,0.14396434924646612,0.045525524548277824,0.43196701297193785,0.14588982313556428,0.49622202517457775,10,0,0
10,campi,15,10,3.9351087331771852,0.2650006492546303,0.08380056330680336,3.933637499809265,3.506351947784424,4.448609352111816,0,10,0
10,campi,30,10,3.247276505827904,1.1332119970150638,0.35835309823955325,3.5827025175094604,0.3160496652126312,4.101987838745117,0,10,0
10,campi,60,10,1.5103460982441903,1.2096460876404254,0.3825236799655398,1.2999260425567627,0.16886447370052338,3.4935388565063477,0,10,0
10,campi,120,10,0.5631234019994735,0.5001594938147704,0.15816431938115733,0.43893736600875854,-0.06907917559146881,1.5148098468780518,0,10,0
10,campi,180,10,0.43464459948485806,0.3557428396758263,0.11249576346717269,0.42368761861582244,-0.09322172403335571,1.0954129695892334,3,7,0
10,campi,240,10,0.3652111764391545,0.28884860173953514,0.09134194804518052,0.32282485476301376,-0.09385732030466276,0.7840607356064925,10,0,0
11,anasjn,15,10,1.005820203840922,0.9474257907681732,0.29960234128135554,0.6440554261207581,0.18788093950213447,3.077421188354492,3,7,0
11,anasjn,30,10,0.7085961439757974,0.5770363718990842,0.18247492279610866,0.4820735872582912,0.18788093950213447,2.084345579147339,5,5,0
11,anasjn,60,10,0.5336573586622898,0.3301225200834794,0.1043939070378474,0.4017134237391546,0.18788093950213447,1.2459520101547241,6,4,0
11,anasjn,120,10,0.5330384338616964,0.33044228791791336,0.1044950265057745,0.4017134237391546,0.18788093950213447,1.2459520101547241,7,3,0
11,anasjn,180,10,0.36879928556892494,0.10119926522727508,0.032002017565366664,0.3921831397635024,0.18788093950213447,0.5394643487128257,9,1,0
11,anasjn,240,10,0.3659909435974281,0.099819031279196,0.031565549267385015,0.3921831397635024,0.18788093950213447,0.5394643487128257,10,0,0
12,matin,15,10,1.667340725660324,0.46913850361658177,0.1483546209511539,1.7726255655288696,0.7768619656562805,2.2158713340759277,0,10,0
12,matin,30,10,0.6952739119529724,0.25927515450670857,0.08199000289332693,0.621228814125061,0.45652633905410767,1.244546890258789,0,10,0
12,matin,60,10,0.5367915153503418,0.19831512835473883,0.06271275000696153,0.5038522779941559,0.2817090153694153,0.9309828281402588,0,10,0
12,matin,120,10,0.4782318961563396,0.1541026462134774,0.04873153554937109,0.49812254309654236,0.22518959641456604,0.6817684769630432,1,9,0
12,matin,180,10,0.4429607617151272,0.12992852071578,0.04108700584782356,0.4533213105543675,0.21984262764453888,0.6404341459274292,2,8,0
12,matin,240,10,0.42949061279381323,0.12612160202348724,0.039883152454352075,0.4438038160106049,0.20503266352847463,0.6249232320208379,10,0,0
13,exirifard,15,10,3.2914430141448974,0.45828973888820235,0.1449239403170562,3.2838871479034424,2.508527994155884,4.023139953613281,0,10,0
13,exirifard,30,10,2.421205258369446,0.6336627087138129,0.20038174278474735,2.2849665880203247,1.393906831741333,3.3511571884155273,0,10,0
13,exirifard,60,10,1.3777247786521911,0.5313483815093939,0.16802711166137813,1.5743861198425293,0.6014612317085266,1.9446455240249634,0,10,0
13,exirifard,120,10,0.6787255555391312,0.3824347711557214,0.12093649332973441,0.566850870847702,0.2696227431297302,1.4555684328079224,0,10,0
13,exirifard,180,10,0.516795218215704,0.19965334924348282,0.06313593260904611,0.4957556873559952,0.2394714206457138,0.8926051259040833,1,9,0
13,exirifard,240,10,0.4356865667803834,0.18568712787113184,0.05871942562477094,0.4342723436510441,0.17367534498649653,0.741134925386832,10,0,0
14,alirezaafshan,15,10,3.2635524034500123,0.8147182170417134,0.2576365217083223,3.4888352155685425,1.405679702758789,4.337385654449463,0,10,0
14,alirezaafshan,30,10,2.0852676331996918,0.9907237012317243,0.3132943427804413,1.959911286830902,0.46482551097869873,3.468249797821045,0,10,0
14,alirezaafshan,60,10,1.130932566523552,0.8264416967626874,0.2613438115104296,0.8824990093708038,0.43426084518432617,2.5743680000305176,0,10,0
14,alirezaafshan,120,10,0.8300269728717167,0.6250908090175611,0.19767107009328122,0.5739895701408386,0.41398197412490845,2.446554660797119,1,9,0
14,alirezaafshan,180,10,0.6104038750943499,0.27902696288148077,0.08823607313047382,0.48920342326164246,0.3638841509819031,1.239696979522705,1,9,0
14,alirezaafshan,240,10,0.4442932589224721,0.16128179316623206,0.051001781152147284,0.43945203771646846,0.18553667179964997,0.7781541672950968,10,0,0
15,mindsculptor,15,10,4.44591634273529,0.7167717948944883,0.22666314344336316,4.53608775138855,3.1946070194244385,5.232588768005371,0,10,0
15,mindsculptor,30,10,3.9620896100997927,0.7747433556128057,0.24499536058182617,3.9397705793380737,2.896484375,5.1562323570251465,0,10,0
15,mindsculptor,60,10,1.1234007775783539,0.5217691284181512,0.16499788585622455,0.9580691456794739,0.599690854549408,2.1110293865203857,0,10,0
15,mindsculptor,120,10,0.5601995515090359,0.2592332197332297,0.0819767419535913,0.4901408404111862,0.3388454864950966,1.2423230409622192,2,8,0
15,mindsculptor,180,10,0.505489816271659,0.19721992028264568,0.0623664148049999,0.4342638701200485,0.3388454864950966,1.0016079656639372,4,6,0
15,mindsculptor,240,10,0.44516043409862904,0.2248972944324324,0.07111876900159914,0.4061272726099526,0.23936165237133275,1.0016079656639372,10,0,0
16,romainm,15,10,1.0928465485572816,0.4645938736680631,0.14691748277516062,1.0006046295166016,0.5862240195274353,2.1931192874908447,0,10,0
16,romainm,30,10,0.7682788103818894,0.21831662384563835,0.06903777824304454,0.742348700761795,0.46528252959251404,1.1542887687683105,0,10,0
16,romainm,60,10,0.587821273849355,0.19335680331409558,0.06114478995617357,0.5463670890241398,0.40258968781411214,1.0543601512908936,3,7,0
16,romainm,120,10,0.5373622581237532,0.1142907253185932,0.03614190074394279,0.5235371391683353,0.40258968781411214,0.7475867867469788,4,6,0
16,romainm,180,10,0.4699585129041193,0.05081675327169728,0.01606966836333767,0.4694177806377411,0.40258968781411214,0.5334676613819008,7,3,0
16,romainm,240,10,0.45994519758505115,0.048034694684215604,0.01518990419129038,0.4485482399771382,0.40258968781411214,0.5334676613819008,10,0,0
17,aekovalenko,15,10,2.8723909735679625,0.8919529920090006,0.28206030205504073,2.8295007944107056,1.0448073148727417,4.065427303314209,0,10,0
17,aekovalenko,30,10,1.369013398885727,0.62981714038881,0.19916566730426655,1.1464308500289917,0.758132815361023,2.587418794631958,0,10,0
17,aekovalenko,60,10,0.7344213664531708,0.09270648980896282,0.029316366167551063,0.7218506038188934,0.6015970706939697,0.9170169830322266,0,10,0
17,aekovalenko,120,10,0.6422999203205109,0.13082967112425228,0.04137197462833991,0.6029319167137146,0.4880456328392029,0.9170169830322266,0,10,0
17,aekovalenko,180,10,0.5824720741710676,0.13070974782643388,0.04133405155177742,0.5440866507101123,0.4447585642337799,0.8832483887672424,1,9,0
17,aekovalenko,240,10,0.47205683422592226,0.0648492983911802,0.020507148758002237,0.45676714401623314,0.39896411070297105,0.6134371127457338,10,0,0
18,bgkang,15,10,1.4873982548713685,0.7834592051417935,0.24775155420731687,1.1414979100227356,0.9025266766548157,3.147761344909668,0,10,0
18,bgkang,30,10,1.1153496086597443,0.3077899555773057,0.09733173005463316,1.0520806908607483,0.7570849061012268,1.8823528289794922,0,10,0
18,bgkang,60,10,0.5493007868528366,0.09919137803436026,0.031367067883937394,0.5544846057891846,0.3884298503398895,0.6657839417457581,0,10,0
18,bgkang,120,10,0.5149472832679749,0.10164861219648687,0.03214411355360695,0.5123223215341568,0.37320804595947266,0.6489889025688171,0,10,0
18,bgkang,180,10,0.5058974990498634,0.1015877023284979,0.03212485216212441,0.48874425888061523,0.36764979362487793,0.6421321034431458,1,9,0
18,bgkang,240,10,0.5006187000401952,0.10370348205885223,0.03279392045963807,0.4766483539821612,0.36669632539312813,0.6403701993342357,10,0,0
19,dvolovenko,15,10,1.3881873726844787,0.7729049402138525,0.24441400258720425,1.1789791584014893,0.4508678913116455,2.655050754547119,0,10,0
19,dvolovenko,30,10,0.8092274457216263,0.3174058855452401,0.10037255410656741,0.8334580063819885,0.4428548216819763,1.38190758228302,0,10,0
19,dvolovenko,60,10,0.7076636446549344,0.27598663123196215,0.08727463584499626,0.6678852056631683,0.43015581369400024,1.2422517538070679,1,9,0
19,dvolovenko,120,10,0.692071316940968,0.259335968521261,0.08200923397329136,0.6676680659422516,0.42658039927482605,1.205934762954712,1,9,0
19,dvolovenko,180,10,0.6023890922201877,0.1992606677912231,0.06301175583064177,0.5634036649699012,0.41932135820388794,1.0058128833770752,3,7,0
19,dvolovenko,240,10,0.552775091046579,0.21196359353545496,0.06702877366061799,0.5040377668279996,0.23990300635985962,0.9812259987939002,10,0,0
20,angel,15,10,3.2073075413703918,1.1643977131976682,0.36821488759961335,3.990443468093872,1.3416450023651123,4.215408802032471,0,10,0
20,angel,30,10,2.5082394540309907,1.1041467456656544,0.3491618587366116,2.361206889152527,0.455685555934906,4.117616176605225,0,10,0
20,angel,60,10,1.5514780759811402,0.9748322650249887,0.30826902940998624,1.5565223097801208,0.20102998614311218,3.354001045227051,0,10,0
20,angel,120,10,1.0477670937776566,0.73179463210803,0.23141378169463608,0.7573615610599518,0.17909333109855652,2.297280788421631,0,10,0
20,angel,180,10,0.7398893177509308,0.5951048120032474,0.18818866524565722,0.5228530168533325,0.1726299524307251,2.297280788421631,0,10,0
20,angel,240,10,0.5601590506660379,0.23025601847788982,0.07281334633519485,0.47663422162914093,0.16883591226965233,0.9238272172596075,10,0,0
21,jannatsamadov,15,10,2.352908784151077,1.208447162445697,0.38214454652958957,1.9413148164749146,0.7236284613609314,4.485362529754639,0,10,0
21,jannatsamadov,30,10,1.6791513383388519,0.7582317224429976,0.23977392371124825,1.5794784426689148,0.5533851385116577,2.9534196853637695,0,10,0
21,jannatsamadov,60,10,1.257401653862502,0.763344213288437,0.2413906352700831,1.1303155856157625,0.53605055809021,2.9534196853637695,1,9,0
21,jannatsamadov,120,10,0.8193953223201191,0.4555971743507372,0.14407247664851744,0.5699181258678436,0.41538314724501263,1.8038713932037354,4,6,0
21,jannatsamadov,180,10,0.7821819044589395,0.48037218262438036,0.15190702216794028,0.5111279935970101,0.35983094573020935,1.7913926839828491,5,5,0
21,jannatsamadov,240,10,0.5687639006291902,0.2713535056393408,0.08580951288916618,0.4671249663130109,0.3132273019375542,1.097983298669102,10,0,0
22,aniketnegi,15,10,2.444182592630386,1.2845684761535086,0.40621621950967773,1.9552642703056335,0.75533527135849,4.437162399291992,0,10,0
22,aniketnegi,30,10,1.6755827784538269,1.1401746292928305,0.3605548758903481,1.6104770302772522,0.2242947220802307,4.437162399291992,0,10,0
22,aniketnegi,60,10,1.3029182761907578,0.5963665694571052,0.18858766798654578,1.5935711860656738,0.2065463364124298,1.9030083417892456,0,10,0
22,aniketnegi,120,10,0.6447026210511575,0.34585051179201065,0.10936753471976758,0.5438746971313402,0.1944436877965927,1.4622923135757446,1,9,0
22,aniketnegi,180,10,0.6124363644260733,0.3344582102423677,0.10576497265093383,0.515721592377817,0.18165285885334015,1.428477168083191,4,6,0
22,aniketnegi,240,10,0.5693856548998084,0.27775721985005136,0.08783454512822945,0.49240100581693136,0.17547698852390642,1.1938648564417664,10,0,0
23,hocayi,15,10,2.889023172855377,1.208433601894082,0.38214025830664644,2.9043221473693848,1.3214794397354126,4.461373329162598,0,10,0
23,hocayi,30,10,2.0880897998809815,1.3211900493755824,0.4177969777977162,2.0606821179389954,0.5631933212280273,4.130155086517334,0,10,0
23,hocayi,60,10,1.070854463573648,0.6702833583151261,0.21196220899825602,0.9981304407119751,0.4137841463088989,2.4550578594207764,1,9,0
23,hocayi,120,10,0.8408524447643295,0.6321823966056646,0.19991362699377993,0.5683910846710205,0.3426118493080139,2.3842320442199707,1,9,0
23,hocayi,180,10,0.6043695172431275,0.29263133413109454,0.09253815305880288,0.5547623932361603,0.3188122358184475,1.361435890197754,4,6,0
23,hocayi,240,10,0.5752075426526408,0.2948914116619675,0.09325285232741568,0.4726216918009858,0.3188122358184475,1.3562881138303176,10,0,0
24,nya-a-cat,15,10,2.853596603870392,0.9581898726321414,0.30300624284242056,2.918330192565918,0.9584130048751831,3.994373083114624,0,10,0
24,nya-a-cat,30,10,1.307681965827942,0.4915158596488188,0.1554309622585916,1.3358315229415894,0.5122833847999573,2.276925563812256,0,10,0
24,nya-a-cat,60,10,0.8342541188001633,0.4759612190266107,0.15051215300343598,0.7032317221164703,0.41663283109664917,1.9309489727020264,0,10,0
24,nya-a-cat,120,10,0.6711810648441314,0.4811520453833824,0.15215363642601923,0.4297541677951813,0.22722744941711426,1.8521026372909546,0,10,0
24,nya-a-cat,180,10,0.6553919702768326,0.4772704935565288,0.15092618196313473,0.42512838542461395,0.15771961212158203,1.8096692562103271,0,10,0
24,nya-a-cat,240,10,0.617681998780953,0.4387430329065222,0.13874272915148153,0.4234702770218803,0.14471614872103977,1.7346571928650065,10,0,0
25,lodev,15,10,1.2734605222940445,1.150269633553011,0.36374719653547544,0.7400813698768616,0.43793627619743347,3.8994698524475098,0,10,0
25,lodev,30,10,1.1025688290596007,1.1380426639487484,0.3598806892523637,0.5902717709541321,0.4149026572704315,3.892043352127075,0,10,0
25,lodev,60,10,1.0020745664834976,1.121242311707419,0.35456795139479214,0.5070439428091049,0.4149026572704315,3.892043352127075,0,10,0
25,lodev,120,10,0.8044363468885422,0.7759861999073757,0.24538838245660483,0.44982603192329407,0.38628190755844116,2.8558034896850586,0,10,0
25,lodev,180,10,0.6431978352258203,0.6720921174776164,0.21253418886747283,0.4225094711036669,0.283991277217865,2.5301773432288175,2,8,0
25,lodev,240,10,0.6184402200945565,0.6825226760879827,0.21583262111513662,0.41899817167777154,0.16800138824996871,2.5301773432288175,10,0,0
26,mnn31,15,10,2.7130239725112917,1.0931293092147716,0.34567783942051644,2.7133272886276245,1.012858510017395,4.445959091186523,0,10,0
26,mnn31,30,10,1.7041963994503022,0.6599161890798841,0.20868382223107698,1.6583654284477234,0.4686095118522644,2.6476705074310303,0,10,0
26,mnn31,60,10,1.1463306277990342,0.6407879461857788,0.2026349407128466,1.0598824322223663,0.34145987033843994,2.045802593231201,0,10,0
26,mnn31,120,10,0.7316588569983236,0.49664432909689893,0.1570527266952436,0.5156891793012619,0.28758442401885986,1.6919809579849243,1,9,0
26,mnn31,180,10,0.6803780136044839,0.482660300864083,0.15263058868726384,0.4516844174421134,0.24908661842346191,1.6919809579849243,4,6,0
26,mnn31,240,10,0.6545984333991904,0.45878542701150593,0.14508069066492957,0.44958799071283917,0.1724273373048461,1.5430321967827982,10,0,0
27,syurenuko,15,10,5.345805406570435,0.2315385089913209,0.07321890544519494,5.333661317825317,5.028573513031006,5.698593616485596,0,10,0
27,syurenuko,30,10,2.2202149391174317,1.1663478128009248,0.3688315632406615,2.221381425857544,0.7594319581985474,4.243963241577148,0,10,0
27,syurenuko,60,10,0.8117796555161476,1.1694575321776675,0.36981494285210814,0.4572116881608963,0.1548602432012558,4.11663818359375,0,10,0
27,syurenuko,120,10,0.7698192238807678,1.1437179689102879,0.3616753782618156,0.44241297245025635,0.14722177386283875,4.005311012268066,0,10,0
27,syurenuko,180,10,0.7608303830027581,1.1442045001407064,0.3618292329459083,0.43075379729270935,0.1356600970029831,3.9967339038848877,0,10,0
27,syurenuko,240,10,0.728109526732182,1.1486109592089695,0.3632226776531098,0.4148350341611756,0.12151027082764991,3.9788121262639677,10,0,0
28,carlometta,15,10,2.577382516860962,1.0664007476294954,0.3372255261015611,2.606466770172119,1.3895180225372314,4.445693492889404,0,10,0
28,carlometta,30,10,2.1862231254577638,1.0655808000723088,0.336966235917301,2.0357417464256287,0.8225328922271729,4.445667743682861,0,10,0
28,carlometta,60,10,1.8436328172683716,1.2127762538176483,0.3835135254230245,1.6076464653015137,0.566494882106781,4.443040370941162,0,10,0
28,carlometta,120,10,1.11003677546978,0.7572815880079486,0.23947346482143703,0.9001907706260681,0.48633015155792236,2.7813024520874023,0,10,0
28,carlometta,180,10,0.7649192319992253,0.37673693469546476,0.11913467923477818,0.5757880225160426,0.4504452807690318,1.4886029958724976,6,4,0
28,carlometta,240,10,0.7483886608467593,0.3511350984693831,0.11103866775907542,0.5749680586011587,0.4504452807690318,1.410814592277052,10,0,0
29,hangglider5,15,10,3.479244017601013,0.8244666507700693,0.2607192471284035,3.3688035011291504,2.188361406326294,4.5430827140808105,0,10,0
29,hangglider5,30,10,3.110650861263275,1.0349992681665647,0.3272955064013749,3.1716517210006714,1.5576224327087402,4.434563636779785,0,10,0
29,hangglider5,60,10,2.1922179639339445,0.7892935617269551,0.24959653975638815,2.3400274515151978,0.8358144164085388,3.256770610809326,0,10,0
29,hangglider5,120,10,1.3454747461359589,0.8175698347094622,0.25853828239292864,1.1767683029174805,0.48438769578933716,3.104515790939331,1,9,0
29,hangglider5,180,10,0.9926147422341387,0.8352747964553039,0.26413708289322974,0.6066749095916748,0.4508005678653717,2.9605440776218903,2,8,0
29,hangglider5,240,10,0.792770333426078,0.7816997960793789,0.24719518020999975,0.49559701750136786,0.33793483528998863,2.9605440776218903,10,0,0
30,luziyi,15,10,3.011041186782987,1.2208017510378908,0.3860514104801561,3.3773046731948853,0.7929589602676128,4.414466857910156,1,9,0
30,luziyi,30,10,2.4018352195951054,1.0909086118325195,0.34497559324832744,2.7977020740509033,0.7929589602676128,3.490143060684204,1,9,0
30,luziyi,60,10,1.914776031706006,1.0023258617806918,0.31696326809181,2.203654646873474,0.4303421378135681,3.3590502738952637,1,9,0
30,luziyi,120,10,1.3925241898509426,0.9309418228896404,0.2943896529440338,1.281983733177185,0.36640307307243347,3.3590502738952637,2,8,0
30,luziyi,180,10,1.0168483844705134,0.6060442085483585,0.19164800617669003,0.7863544450862753,0.3650634288787842,1.8814897537231445,3,7,0
30,luziyi,240,10,0.8844842246619772,0.5519892194457898,0.17455431773072022,0.6789138893565656,0.36172709362142086,1.7829389972439866,10,0,0
31,s_boehler,15,10,2.3216018617153167,1.2594554708711159,0.39827478995125765,1.97361421585083,0.7376574873924255,4.4817328453063965,0,10,0
31,s_boehler,30,10,1.9013000547885894,1.3472577671424701,0.4260403139522965,1.1184773445129395,0.6196276545524597,3.8159704208374023,0,10,0
31,s_boehler,60,10,1.2013088822132034,1.2364440708876665,0.39099794634157153,0.5737086236476898,0.452522873878479,3.7698755264282227,1,9,0
31,s_boehler,120,10,1.091666888455845,1.1019189997174272,0.3484573836121507,0.5638723969459534,0.4449331760406494,3.768022298812866,3,7,0
31,s_boehler,180,10,0.9229731478015426,1.0114016570606297,0.31983328655801097,0.544946830358987,0.4434090554714203,3.7670273780822754,5,5,0
31,s_boehler,240,10,0.8858373735226897,1.0221701464147714,0.3232385818898473,0.5224160516631953,0.4323418046996501,3.757507436205003,10,0,0
32,martianlantern,15,10,2.1364850282669066,0.8727501233433893,0.2759878217957997,1.8758081793785095,1.1985580921173096,4.009302616119385,0,10,0
32,martianlantern,30,10,1.725491900015942,0.9917078153236384,0.31360554698123305,1.6578012445026244,0.7931866645812988,3.9479100704193115,1,9,0
32,martianlantern,60,10,1.557950491477124,1.1138593441907565,0.35223325207042305,1.5600611307674255,0.45368486642837524,3.939000368118286,1,9,0
32,martianlantern,120,10,1.0841422272279708,1.1133032195901769,0.35205739003035474,0.57535195074352,0.33306908763500553,3.9183552265167236,4,6,0
32,martianlantern,180,10,0.950323424254343,1.0985138633222291,0.34738058493691454,0.49780700050600135,0.33306908763500553,3.913440190345051,5,5,0
32,martianlantern,240,10,0.9425134011753655,1.1022980750359408,0.3485772577532763,0.4902027474535211,0.33306908763500553,3.913440190345051,10,0,0
33,nityawav,15,10,3.1101623496818425,0.8597573083361969,0.27187913293180527,3.420823574066162,1.7887458801269531,3.9928576946258545,1,9,0
33,nityawav,30,10,2.5762212655353425,1.173509820521395,0.3710963889423011,2.8483760356903076,0.8528468012809753,3.9928576946258545,1,9,0
33,nityawav,60,10,1.711560501794803,1.3633555366493726,0.4311308756413183,1.415021002292633,0.3386686444282532,3.9928576946258545,1,9,0
33,nityawav,120,10,1.063033803581353,1.195387099104192,0.37801459187506703,0.46458831429481506,0.3163009862226942,3.7150630567549467,3,7,0
33,nityawav,180,10,0.9911669667430785,1.127214050990788,0.3564563811676069,0.45969247817993164,0.3163009862226942,3.7150630567549467,5,5,0
33,nityawav,240,10,0.9767081348443345,1.1148177577232037,0.35253632904070914,0.45511444466060247,0.3163009862226942,3.7150630567549467,10,0,0
34,cameronspirals,15,10,2.235972735285759,1.7377776327554157,0.5495335386402741,2.196826994419098,0.2745979428291321,4.493284225463867,0,10,0
34,cameronspirals,30,10,1.4939306691288947,1.4222207941288296,0.4497457045100529,0.8744150400161743,0.234862819314003,4.371005535125732,0,10,0
34,cameronspirals,60,10,1.176019613444805,1.3002453669004412,0.4111736876486703,0.6651460081338882,0.20028163492679596,4.3568806648254395,0,10,0
34,cameronspirals,120,10,1.0281311003092126,1.2899115191541044,0.40790583806148806,0.5804859548807144,0.15697869658470154,4.353867530822754,1,9,0
34,cameronspirals,180,10,0.9985978317480436,1.2868298016301842,0.40693131341340383,0.49632586538791656,0.1505403369665146,4.3460735584800565,3,7,0
34,cameronspirals,240,10,0.9831201948302872,1.280021894265346,0.4047784640761715,0.4776499845799195,0.14632660652186463,4.3460735584800565,10,0,0
35,pranay,15,10,3.0653447119412016,0.6567277599740227,0.20767555241782734,3.174309492111206,2.1366066932678223,4.103470325469971,1,9,0
35,pranay,30,10,2.29365682284208,1.1324949653688972,0.3581263529239226,2.2030720710754395,0.5697503089904785,3.976386070251465,1,9,0
35,pranay,60,10,1.7786230740961622,1.0783950525374124,0.3410184583475165,1.661727488040924,0.45230743288993835,3.9415657202573495,1,9,0
35,pranay,120,10,1.2855922339376993,1.1152666562929776,0.3526782832325969,0.873579740524292,0.44539332389831543,3.9415657202573495,1,9,0
35,pranay,180,10,1.15948729197355,1.1582952640394248,0.3662851237350707,0.572015255689621,0.39679574966430664,3.9415657202573495,1,9,0
35,pranay,240,10,1.0760729860998515,1.150636783185041,0.36386329944340623,0.4745719743335831,0.37650953976492546,3.9415657202573495,10,0,0
36,thelight,15,10,3.058892762841083,1.4014053526459784,0.4431632839512767,3.318077325820923,0.4222474992275238,4.611848831176758,1,9,0
36,thelight,30,10,1.9978494288338198,1.343257980035044,0.4247754702107722,1.5941978693008423,0.4222474992275238,4.44566535949707,1,9,0
36,thelight,60,10,1.9395341785563005,1.327199149664556,0.4196972221578695,1.5907377004623413,0.41335344314575195,4.445653915405273,1,9,0
36,thelight,120,10,1.4301309696638984,1.014908340751946,0.32094219730784357,1.257108211517334,0.35992056458371224,3.7421365100274206,3,7,0
36,thelight,180,10,1.3834991179574088,0.9990745710981646,0.3159351197026031,1.257108211517334,0.35992056458371224,3.7421365100274206,4,6,0
36,thelight,240,10,1.1839569807148393,1.0352008990547956,0.32735926768672013,0.8414150057154798,0.35992056458371224,3.7421365100274206,10,0,0
37,gabrielekarra,15,10,2.1052431285335103,0.25559056846639194,0.08082483448110078,2.1429131031036377,1.5424754619598389,2.4274446964263916,1,9,0
37,gabrielekarra,30,10,1.8915622130841605,0.18163859032452465,0.05743916564077206,1.944494285115157,1.5424754619598389,2.1824740767016824,2,8,0
37,gabrielekarra,60,10,1.7358328358144157,0.2555533849063581,0.08081307600697872,1.790403425693512,1.3227829933166504,2.1824740767016824,2,8,0
37,gabrielekarra,120,10,1.6742843120563173,0.2894142157113623,0.09152081088791933,1.7510961294174194,1.257793733091023,2.1824740767016824,4,6,0
37,gabrielekarra,180,10,1.6124195495096731,0.30803368450395535,0.09740880390862126,1.5538850505927977,1.257793733091023,2.1824740767016824,7,3,0
37,gabrielekarra,240,10,1.5378020055933797,0.3181723903719354,0.1006149442155544,1.4110073372004106,1.257793733091023,2.1824740767016824,10,0,0
38,nancy,15,9,3.452972412109375,0.3552426886807242,0.11841422956024139,3.5226995944976807,2.829308271408081,3.911396026611328,0,9,1
38,nancy,30,9,3.1568102571699352,0.29296198983969246,0.09765399661323082,3.1725611686706543,2.778170347213745,3.633972644805908,0,9,1
38,nancy,60,9,2.8647850089603,0.38587462776178894,0.12862487592059632,2.9048566818237305,2.00649356842041,3.276900291442871,0,9,1
38,nancy,120,9,2.3457360797458224,0.31737184637872107,0.10579061545957369,2.3405795097351074,1.7084193229675293,2.7640185356140137,0,9,1
38,nancy,180,9,2.093783312373691,0.2493186576220009,0.08310621920733363,2.075043201446533,1.5817075967788696,2.431293249130249,0,9,1
38,nancy,240,10,2.220958392563854,0.9761803553966515,0.308695333016606,1.9356535079967099,1.5215047643135873,4.945954878564394,10,0,0
39,jiabao,15,10,3.6752901315689086,0.37413510234580105,0.11831190760329369,3.6099820137023926,3.2371490001678467,4.228617191314697,0,10,0
39,jiabao,30,10,3.2406140391623337,0.36947267431103936,0.11683751840164672,3.1545021533966064,2.716362540518603,3.8421757221221924,1,9,0
39,jiabao,60,10,2.917966025708682,0.2952347881071719,0.09336143749358548,2.8433564912460705,2.4164375011014845,3.3521416187286377,4,6,0
39,jiabao,120,10,2.8397046293089576,0.2898109408022609,0.09164626637713702,2.829664108735831,2.4164375011014845,3.3468477725982666,5,5,0
39,jiabao,180,10,2.6923281854941075,0.24779175420248556,0.07835863286884541,2.7271048151430293,2.3146201373138795,3.029958486557007,7,3,0
39,jiabao,240,10,2.6026300240259967,0.25358766155514795,0.08019145970301841,2.623939416192436,2.3087604369255716,3.0198033142925524,10,0,0
40,pauler,15,10,5.44383566027123,0.5771805671228174,0.1825205213295801,5.517219066619873,4.0687090998131294,6.314528942108154,1,9,0
40,pauler,30,10,4.733843611082458,0.6593113309389556,0.20849254929241404,4.6016972700741965,3.7266821625517963,5.677089691162109,4,6,0
40,pauler,60,10,4.192946984899613,0.622975687929479,0.19700221007674193,4.257207726359722,3.2274390175688064,5.491103172302246,7,3,0
40,pauler,120,10,4.089238682442358,0.4446371487210154,0.14060661222814322,4.257207726359722,3.2274390175688064,4.464348316192627,9,1,0
40,pauler,180,10,4.052849331551244,0.4249831972817238,0.1343914870710926,4.121706853504802,3.2274390175688064,4.46009907766212,9,1,0
40,pauler,240,10,4.052376955730373,0.4249270252035573,0.1343737239003015,4.119344974400447,3.2274390175688064,4.46009907766212,10,0,0
41,oneday,15,10,4.502442733960555,0.4841373084835945,0.1530976595071718,4.4797660536806045,3.3659541805954407,5.210446703734699,10,0,0
41,oneday,30,10,4.502442733960555,0.4841373084835945,0.1530976595071718,4.4797660536806045,3.3659541805954407,5.210446703734699,10,0,0
41,oneday,60,10,4.502442733960555,0.4841373084835945,0.1530976595071718,4.4797660536806045,3.3659541805954407,5.210446703734699,10,0,0
41,oneday,120,10,4.502442733960555,0.4841373084835945,0.1530976595071718,4.4797660536806045,3.3659541805954407,5.210446703734699,10,0,0
41,oneday,180,10,4.502442733960555,0.4841373084835945,0.1530976595071718,4.4797660536806045,3.3659541805954407,5.210446703734699,10,0,0
41,oneday,240,10,4.502442733960555,0.4841373084835945,0.1530976595071718,4.4797660536806045,3.3659541805954407,5.210446703734699,10,0,0
42,kratos_,15,8,5.714504182338715,0.29898535580724656,0.10570728628338837,5.718079566955566,5.325703144073486,6.275241851806641,0,8,2
42,kratos_,30,9,5.642431047227648,0.27934507048763857,0.09311502349587952,5.531710147857666,5.314104080200195,6.233512878417969,0,9,1
42,kratos_,60,10,5.394712829589844,0.39044304111305833,0.12346893064800284,5.47799825668335,4.779659748077393,5.860050678253174,0,10,0
42,kratos_,120,10,5.066976610001798,0.423702845957624,0.13398660443215582,4.985271453857422,4.588817934414194,5.7643938064575195,3,7,0
42,kratos_,180,10,4.860319072039752,0.39338472363058574,0.12439917233885131,4.711598404892523,4.565561680422129,5.7643938064575195,7,3,0
42,kratos_,240,10,4.69383937365864,0.13089914521848223,0.04139394426595429,4.6930899051349035,4.532265891509029,4.972167695008347,10,0,0
43,nitizkhanal,15,9,5.45631085131966,0.31462428444266816,0.10487476148088938,5.354428059664181,5.1126419673265895,5.904784202575684,8,1,1
43,nitizkhanal,30,9,5.45631085131966,0.31462428444266816,0.10487476148088938,5.354428059664181,5.1126419673265895,5.904784202575684,8,1,1
43,nitizkhanal,60,9,5.45631085131966,0.31462428444266816,0.10487476148088938,5.354428059664181,5.1126419673265895,5.904784202575684,8,1,1
43,nitizkhanal,120,9,5.388833939706121,0.2681008210184745,0.0893669403394915,5.297491998053827,5.1126419673265895,5.904559764894231,9,0,1
43,nitizkhanal,180,10,5.413418720528584,0.2644536153771078,0.0836275760057789,5.325960028859004,5.1126419673265895,5.904559764894231,10,0,0
43,nitizkhanal,240,10,5.413418720528584,0.2644536153771078,0.0836275760057789,5.325960028859004,5.1126419673265895,5.904559764894231,10,0,0
