rank,participant_id,mean_feasible_loss,score_std,score_sem,score_median,minimum_run_score,maximum_run_score,mean_time_to_best_minutes,mean_evaluation_count,mean_evaluations_per_second,mean_feasible_fraction,failed_runs,fallback_runs
1,jagarwal,0.01967436953382796,0.1985352125763108,0.06278234674868478,0.059916472477745196,-0.2614739033502797,0.38347244544922093,79.37543571154276,140135.2,9.731270914730448,0.7088858685475271,0,0
2,giannischalk,0.07087095338847518,0.15234493997905385,0.04817570003354546,0.12395950246021109,-0.2116421266200587,0.2722177800577272,200.70699142376583,139852.6,9.711502043493564,0.7914975985547317,0,0
3,seament,0.17141276882260076,0.17537962844493027,0.05545990810800338,0.1877080272180357,-0.11589343577451251,0.3592384196007179,207.51446443478267,59393.3,4.388760281358102,0.6284755146373863,0,0
4,bohanlyu,0.17975922514318146,0.19371485077201275,0.061258014503918726,0.1637137717584226,-0.12547446378990584,0.4177483991549748,237.13781206051507,140144.0,9.731666566032647,0.8366354030959021,0,0
5,rishivg,0.21520292622682727,0.1304403494825962,0.041248860315337,0.18721501078311337,-0.015279108129510933,0.3775388389377837,221.04679629325864,139276.8,9.671736229279853,0.6972075259061503,0,0
6,chengwei_chu,0.2622609883790155,0.18371213837816636,0.05809487910950374,0.30915445956817056,-0.1544389855788297,0.43511169500625785,238.81443816184998,154868.2,10.754313548818931,0.911380514674131,0,0
7,littlestronomer,0.2925060060924565,0.15180332629519985,0.048004426748256154,0.32553487964629835,0.0027084166928728805,0.4472216396100236,228.99888595263164,154730.5,10.744440421902922,0.8745849411923718,0,0
8,jan_vandelden,0.33013045865750174,0.20199835761609966,0.06387748936800951,0.3920175792954722,-0.2291539580382926,0.47962155514001603,187.14081477165223,133534.4,9.27310980590968,0.8027137004362193,0,0
9,bamba,0.35111378589552594,0.14396434924646612,0.045525524548277824,0.43196701297193785,0.14588982313556428,0.49622202517457775,82.97261567115784,140595.2,9.763314029944315,0.6771753644333511,0,0
10,campi,0.3652111764391545,0.28884860173953514,0.09134194804518052,0.32282485476301376,-0.09385732030466276,0.7840607356064925,196.08905198256176,56145.0,3.8989303933871446,0.7980437189599927,0,0
11,anasjn,0.3659909435974281,0.099819031279196,0.031565549267385015,0.3921831397635024,0.18788093950213447,0.5394643487128257,71.74070637861888,56409.2,3.917266322892722,0.16537060111834043,0,0
12,matin,0.42949061279381323,0.12612160202348724,0.039883152454352075,0.4438038160106049,0.20503266352847463,0.6249232320208379,195.8731169084708,132782.0,9.220847569785025,0.9158256938567959,0,0
13,exirifard,0.4356865667803834,0.18568712787113184,0.05871942562477094,0.4342723436510441,0.17367534498649653,0.741134925386832,227.06209131638207,140828.8,9.779475744760266,0.6047202189672671,0,0
14,alirezaafshan,0.4442932589224721,0.16128179316623206,0.051001781152147284,0.43945203771646846,0.18553667179964997,0.7781541672950968,214.6556171409289,139048.0,9.657194751756537,0.6465280107049229,0,0
15,mindsculptor,0.44516043409862904,0.2248972944324324,0.07111876900159914,0.4061272726099526,0.23936165237133275,1.0016079656639372,195.9350267402331,54646.1,3.7948390965847354,0.7182901822523305,0,0
16,romainm,0.45994519758505115,0.048034694684215604,0.01518990419129038,0.4485482399771382,0.40258968781411214,0.5334676613819008,130.42988791505496,133799.6,9.29146931586648,0.6441740878054445,0,0
17,aekovalenko,0.47205683422592226,0.0648492983911802,0.020507148758002237,0.45676714401623314,0.39896411070297105,0.6134371127457338,204.22850462198258,146650.0,10.1837656889327,0.7029965388868507,0,0
18,bgkang,0.5006187000401952,0.10370348205885223,0.03279392045963807,0.4766483539821612,0.36669632539312813,0.6403701993342357,226.46494912306466,56336.9,3.912239093391645,0.8464334416792776,0,0
19,dvolovenko,0.552775091046579,0.21196359353545496,0.06702877366061799,0.5040377668279996,0.23990300635985962,0.9812259987939002,189.17094830870627,56238.6,3.9054266949561183,0.8802888064428117,0,0
20,angel,0.5601590506660379,0.23025601847788982,0.07281334633519485,0.47663422162914093,0.16883591226965233,0.9238272172596075,219.36924653569858,56249.6,3.90618932274946,0.7002397255321243,0,0
21,jannatsamadov,0.5687639006291902,0.2713535056393408,0.08580951288916618,0.4671249663130109,0.3132273019375542,1.097983298669102,156.12547705451647,56437.2,3.9192179927921122,0.7959179328161338,0,0
22,aniketnegi,0.5693856548998084,0.27775721985005136,0.08783454512822945,0.49240100581693136,0.17547698852390642,1.1938648564417664,185.6916968858242,56164.5,3.9002801380308227,0.8525987469694462,0,0
23,hocayi,0.5752075426526408,0.2948914116619675,0.09325285232741568,0.4726216918009858,0.3188122358184475,1.3562881138303176,179.3496551167965,56368.7,3.9144606385284497,0.8160124728459202,0,0
24,nya-a-cat,0.617681998780953,0.4387430329065222,0.13874272915148153,0.4234702770218803,0.14471614872103977,1.7346571928650065,234.70476465026536,142765.9,9.9142135119959,0.6138939088804973,0,0
25,lodev,0.6184402200945565,0.6825226760879827,0.21583262111513662,0.41899817167777154,0.16800138824996871,2.5301773432288175,208.43339716712634,56306.6,3.910153476083701,0.6255174980352042,0,0
26,mnn31,0.6545984333991904,0.45878542701150593,0.14508069066492957,0.44958799071283917,0.1724273373048461,1.5430321967827982,187.5156848180294,57127.8,3.967182376247088,0.6624440700100223,0,0
27,syurenuko,0.728109526732182,1.1486109592089695,0.3632226776531098,0.4148350341611756,0.12151027082764991,3.9788121262639677,237.01523253679275,134310.8,9.326927182271849,0.7704746928523287,0,0
28,carlometta,0.7483886608467593,0.3511350984693831,0.11103866775907542,0.5749680586011587,0.4504452807690318,1.410814592277052,188.6883247156938,56363.4,3.914098993242785,0.7435132250784909,0,0
29,hangglider5,0.792770333426078,0.7816997960793789,0.24719518020999975,0.49559701750136786,0.33793483528998863,2.9605440776218903,201.39447509527207,55806.6,3.8754263979368453,0.664915922204233,0,0
30,luziyi,0.8844842246619772,0.5519892194457898,0.17455431773072022,0.6789138893565656,0.36172709362142086,1.7829389972439866,188.38374108751617,55893.1,3.8814307378629684,0.5941542476642326,0,0
31,s_boehler,0.8858373735226897,1.0221701464147714,0.3232385818898473,0.5224160516631953,0.4323418046996501,3.757507436205003,164.76743617892265,56433.1,3.9189205879867215,0.8421286205395841,0,0
32,martianlantern,0.9425134011753655,1.1022980750359408,0.3485772577532763,0.4902027474535211,0.33306908763500553,3.913440190345051,147.80452414711317,56415.9,3.9177361472516226,0.7326099293549315,0,0
33,nityawav,0.9767081348443345,1.1148177577232037,0.35253632904070914,0.45511444466060247,0.3163009862226942,3.7150630567549467,162.072472508351,56475.3,3.9218679096647833,0.6816142079398266,0,0
34,cameronspirals,0.9831201948302872,1.280021894265346,0.4047784640761715,0.4776499845799195,0.14632660652186463,4.3460735584800565,204.81503027598063,56135.1,3.898234465216114,0.8465535180961462,0,0
35,pranay,1.0760729860998515,1.150636783185041,0.36386329944340623,0.4745719743335831,0.37650953976492546,3.9415657202573495,181.2482885412375,56818.7,3.947895704754477,0.6197806818027801,0,0
36,thelight,1.1839569807148393,1.0352008990547956,0.32735926768672013,0.8414150057154798,0.35992056458371224,3.7421365100274206,167.05443518082302,56416.9,3.917815734087475,0.739764103354289,0,0
37,gabrielekarra,1.5378020055933797,0.3181723903719354,0.1006149442155544,1.4110073372004106,1.257793733091023,2.1824740767016824,139.5910690108935,55168.9,3.8310869251123982,0.976877265594967,0,0
38,nancy,2.220958392563854,0.9761803553966515,0.308695333016606,1.9356535079967099,1.5215047643135873,4.945954878564394,224.42227714459102,55937.8,3.884530417588615,0.43067501718639234,0,1
39,jiabao,2.6026300240259967,0.25358766155514795,0.08019145970301841,2.623939416192436,2.3087604369255716,3.0198033142925524,118.2380066883564,167200.5,11.610623259404637,0.5405396041391848,0,0
40,pauler,4.052376955730373,0.4249270252035573,0.1343737239003015,4.119344974400447,3.2274390175688064,4.46009907766212,53.96661051034928,51873.1,3.6019863740253717,0.7940107436102474,0,0
41,oneday,4.502442733960555,0.4841373084835945,0.1530976595071718,4.4797660536806045,3.3659541805954407,5.210446703734699,3.762752802769343,1302.3,4.721946886982569,0.5883849043607567,0,0
42,kratos_,4.69383937365864,0.13089914521848223,0.04139394426595429,4.6930899051349035,4.532265891509029,4.972167695008347,150.91254886110625,160539.0,11.38982446041944,0.45189164819345173,0,0
43,nitizkhanal,5.413418720528584,0.2644536153771078,0.0836275760057789,5.325960028859004,5.1126419673265895,5.904559764894231,26.029739027818046,57945.2,4.023942420799987,0.0008476456626014806,0,0
