rank,participant_id,run_number,score_loss,participant_best_feasible_loss,used_random_search_fallback,time_to_best_minutes,evaluation_count,objective_time_seconds,evaluations_per_second,feasible_evaluation_count,feasible_fraction
1,jagarwal,1,-0.1461791769022722,-0.1461791769022722,False,17.37770148515701,138536,14400.500349283218,9.620221286748247,108495,0.783153837269735
1,jagarwal,2,0.06529649492243135,0.06529649492243135,False,29.2054696559906,137144,14400.238914966583,9.523730877649696,91856,0.6697777518520679
1,jagarwal,3,-0.20845415368662187,-0.20845415368662187,False,147.92513670921326,135944,14400.34809756279,9.44032735035121,117938,0.8675484022832931
1,jagarwal,4,0.38347244544922093,0.38347244544922093,False,62.7564913670222,147880,14400.238670825958,10.269274237766366,86954,0.5880037868542061
1,jagarwal,5,0.06076089106296847,0.06076089106296847,False,132.19422498544057,131128,14400.782224416733,9.105616483642853,103761,0.791295528033677
1,jagarwal,6,0.059072053892521924,0.059072053892521924,False,16.591152981917062,143688,14400.798216581345,9.977780247941741,97612,0.6793329992762096
1,jagarwal,7,0.14190888288973508,0.14190888288973508,False,229.0128041982651,136224,14400.426923513412,9.459719543284493,98522,0.7232352595724689
1,jagarwal,8,-0.0929752772686868,-0.0929752772686868,False,15.931886498133341,145128,14400.742679834366,10.077813570214369,110910,0.7642219282288738
1,jagarwal,9,-0.2614739033502797,-0.2614739033502797,False,132.7285775899887,143520,14400.172892808914,9.966547003867593,82985,0.5782120958751393
1,jagarwal,10,0.19531543832926246,0.19531543832926246,False,10.030911644299826,142160,14400.793070793152,9.871678545837911,91562,0.6440770962296004
2,giannischalk,1,0.2722177800577272,0.2722177800577272,False,226.26620568831763,137035,14400.691246509552,9.515862652302514,105512,0.7699638778414274
2,giannischalk,2,0.17718601155828737,0.17718601155828737,False,233.3552124977112,136859,14400.734830617905,9.503612253801057,108695,0.7942115608034547
2,giannischalk,3,0.16888073781670465,0.16888073781670465,False,239.61258036692936,136099,14400.967438936234,9.450684516654482,111556,0.8196680357680806
2,giannischalk,4,0.1562143421893922,0.1562143421893922,False,202.1697928627332,146899,14400.616262435913,10.200882887434954,115674,0.7874389886929114
2,giannischalk,5,-0.2116421266200587,-0.2116421266200587,False,128.74450530608496,132347,14400.831985235214,9.1902329070773,103061,0.778718066899892
2,giannischalk,6,0.09170466273102998,0.09170466273102998,False,230.2649207552274,143651,14400.69451713562,9.975282777442946,109323,0.7610319454789733
2,giannischalk,7,0.18553833137501038,0.18553833137501038,False,146.34991193612416,136579,14401.114119768143,9.483919012385336,111392,0.8155865835889852
2,giannischalk,8,0.023474582028516038,0.023474582028516038,False,184.42097630898158,144379,14400.591423034668,10.025907669948648,114390,0.7922897374271881
2,giannischalk,9,-0.09351819001975116,-0.09351819001975116,False,239.17655593156815,143307,14400.499541759491,9.95152977745176,118242,0.8250957734095333
2,giannischalk,10,-0.06134659723210612,-0.06134659723210612,False,176.70925258398057,141371,14400.476095676422,9.817105980436649,108993,0.7709714156368703
3,seament,1,0.3592384196007179,0.3592384196007179,False,214.91200801928838,58413,13535.823297739029,4.315437540452901,32333,0.5535240443052061
3,seament,2,-0.11589343577451251,-0.11589343577451251,False,219.9064481218656,58066,13549.263488769531,4.285546594331765,33293,0.5733647917886543
3,seament,3,0.1494143068926371,0.1494143068926371,False,217.8947596391042,58739,13536.54516339302,4.339290364785862,42544,0.7242888030099253
3,seament,4,0.15587663975194396,0.15587663975194396,False,106.0298719684283,61354,13525.494010686874,4.536174423760232,34642,0.5646249633275744
3,seament,5,0.2195394146841274,0.2195394146841274,False,215.76315091848375,56920,13541.9056994915,4.203248882624943,34001,0.5973471539002109
3,seament,6,0.30892072742623383,0.30892072742623383,False,220.80844502449037,62515,13501.716819286346,4.630151915991993,53475,0.855394705270735
3,seament,7,-0.0807164302990913,-0.0807164302990913,False,220.8092913309733,58525,13536.365243196487,4.323538774887538,37394,0.6389406236651004
3,seament,8,0.3551202583753,0.3551202583753,False,220.8098724404971,57512,13542.335509300232,4.246830242870847,30440,0.529280845736542
3,seament,9,0.04071652414748836,0.04071652414748836,False,220.8087412158648,61394,13537.871762752533,4.534981648217157,45065,0.7340293839788904
3,seament,10,0.3219112634211628,0.3219112634211628,False,217.40205566883088,60495,13526.287270784378,4.47240242565778,31092,0.5139598313910241
4,bohanlyu,1,0.37364936609429406,0.37364936609429406,False,236.338028383255,138392,14401.107475757599,9.609816483417337,113572,0.8206543730851494
4,bohanlyu,2,0.15082384169936552,0.15082384169936552,False,239.6561130166054,137496,14401.127803087234,9.54758556968881,119913,0.8721199162157445
4,bohanlyu,3,-0.04235343139599822,-0.04235343139599822,False,239.78606962362926,135176,14400.843539714813,9.38667235896356,116052,0.8585251819849677
4,bohanlyu,4,0.4177483991549748,0.4177483991549748,False,238.1019692460696,146104,14401.14025092125,10.14530776413025,117009,0.8008610304988227
4,bohanlyu,5,0.3655575026602527,0.3655575026602527,False,238.15640874703726,132496,14401.705751419067,9.200021322956452,108853,0.8215568771887454
4,bohanlyu,6,0.3477953015522155,0.3477953015522155,False,232.33396065632502,144320,14400.505071163177,10.021870711257128,116372,0.8063470066518847
4,bohanlyu,7,0.17660370181747972,0.17660370181747972,False,234.95082666079205,136424,14401.10706281662,9.473160598343451,113557,0.8323828651850115
4,bohanlyu,8,-0.010158781682546051,-0.010158781682546051,False,235.87239045302073,144904,14400.575093269348,10.062375916342837,126869,0.8755382874178766
4,bohanlyu,9,-0.12547446378990584,-0.12547446378990584,False,237.46520123879114,144352,14400.140039920807,10.02434695772541,126007,0.8729148193305254
4,bohanlyu,10,0.14340081532168228,0.14340081532168228,False,238.71715257962543,141776,14400.069587469101,9.845507977501239,114194,0.8054536734002934
5,rishivg,1,0.18123351691895523,0.18123351691895523,False,239.96691539684932,137292,14400.82126045227,9.533622945313066,90455,0.6588512076450194
5,rishivg,2,0.15767953798285572,0.15767953798285572,False,239.7352780977885,137525,14400.098889827728,9.55028163710376,103593,0.7532666787856753
5,rishivg,3,0.36485845640269987,0.36485845640269987,False,188.50048193534215,135354,14400.19538283348,9.399455799145333,96992,0.7165802266648935
5,rishivg,4,0.27462052528493175,0.27462052528493175,False,238.92851356665292,142939,14400.885097265244,9.925709359846527,94141,0.6586096166896368
5,rishivg,5,0.15506213693805662,0.15506213693805662,False,239.85589402516683,133564,14400.812150239944,9.27475468789964,93795,0.7022476116318769
5,rishivg,6,0.3775388389377837,0.3775388389377837,False,239.8030425707499,139094,14400.293763875961,9.659108507142125,93420,0.6716321336650035
5,rishivg,7,-0.015279108129510933,-0.015279108129510933,False,239.93161855538685,137363,14400.060801744461,9.539056945048419,102898,0.7490954623879793
5,rishivg,8,0.37053944166092684,0.37053944166092684,False,104.0469886024793,145077,14400.282606601715,10.074593948141713,100052,0.6896475664647049
5,rishivg,9,0.19319650464727148,0.19319650464727148,False,239.90696887572605,143494,14400.073848485947,9.964810007907511,99230,0.6915271718678133
5,rishivg,10,0.09257941162430214,0.09257941162430214,False,239.7922613064448,141066,14400.413868665695,9.795968455250433,96012,0.6806175832589001
6,chengwei_chu,1,0.2829507123728218,0.2829507123728218,False,237.2862668355306,152857,14400.435503959656,10.614748419099495,142168,0.9300718972634554
6,chengwei_chu,2,0.16955551359060578,0.16955551359060578,False,239.9663190682729,151237,14400.264147281647,10.50237679345272,142114,0.9396774598808493
6,chengwei_chu,3,0.17311030605622407,0.17311030605622407,False,239.64957105318706,152077,14400.506923913956,10.560531014880867,143162,0.94137838068873
6,chengwei_chu,4,0.33535820676351935,0.33535820676351935,False,239.42747696638108,163489,14400.234756946564,11.35321769120008,135162,0.8267345203652845
6,chengwei_chu,5,0.4120277378756333,0.4120277378756333,False,238.757343963782,147337,14400.537412643433,10.231354273670409,134137,0.9104094694475929
6,chengwei_chu,6,0.3950423236661925,0.3950423236661925,False,239.79820355971654,159493,14400.883243560791,11.075223463902166,142991,0.8965346441536619
6,chengwei_chu,7,0.43511169500625785,0.43511169500625785,False,239.73848653634388,144913,14401.032999038696,10.06268092085292,132050,0.9112363970106202
6,chengwei_chu,8,-0.1544389855788297,-0.1544389855788297,False,239.35958217779796,162241,14400.761464118958,11.266140363774573,150708,0.9289143927860405
6,chengwei_chu,9,0.15159106989867727,0.15159106989867727,False,239.65256070693334,158509,14400.97151184082,11.006826856762416,146441,0.9238655218315679
6,chengwei_chu,10,0.42230130413905287,0.42230130413905287,False,234.5085707505544,156529,14400.044715166092,10.870035690593658,141656,0.9049824633135074
7,littlestronomer,1,0.4472216396100236,0.4472216396100236,False,239.62838546037673,153838,14401.238434791565,10.68227574292131,146983,0.9554401383273313
7,littlestronomer,2,0.250277105238191,0.250277105238191,False,208.55733355283738,154234,14401.339764595032,10.709698022622625,95761,0.6208812583477055
7,littlestronomer,3,0.4093633820212716,0.4093633820212716,False,239.97936838467916,147666,14400.462467432022,10.254254009825054,129911,0.8797624368507307
7,littlestronomer,4,0.42738957812089545,0.42738957812089545,False,236.41011409759523,157815,14400.767300605774,10.958791063401286,140596,0.8908912334062035
7,littlestronomer,5,0.0027084166928728805,0.0027084166928728805,False,238.12676808834075,144759,14401.178517103195,10.051885672278878,131435,0.9079573636181516
7,littlestronomer,6,0.25487980514291525,0.25487980514291525,False,231.31203775405885,154993,14401.52939414978,10.762259740480173,132231,0.853141754788926
7,littlestronomer,7,0.1665059472231111,0.1665059472231111,False,236.22959594726564,152794,14400.670747041702,10.610200224971335,140460,0.919276934958179
7,littlestronomer,8,0.1479684172757462,0.1479684172757462,False,212.29019691944123,162370,14400.30883550644,11.275452620824966,152273,0.9378148672784381
7,littlestronomer,9,0.3961899541496815,0.3961899541496815,False,239.45435473918914,159058,14401.427489757538,11.044599579668327,138521,0.8708835770599404
7,littlestronomer,10,0.4225558154498565,0.4225558154498565,False,208.00070458253225,159778,14400.917476892471,11.094987542035273,145366,0.9097998472881123
8,jan_vandelden,1,0.4198026140621187,0.4198026140621187,False,146.27637657721837,132100,14400.206372261047,9.173479642240594,112406,0.8509159727479182
8,jan_vandelden,2,-0.2291539580382926,-0.2291539580382926,False,233.45268318255742,129884,14400.005239248276,9.019718940517576,98925,0.7616411567244619
8,jan_vandelden,3,0.3737439197262388,0.3737439197262388,False,164.90161422491073,130528,14400.418354272842,9.064181108409963,93789,0.7185354866388821
8,jan_vandelden,4,0.4102912388647056,0.4102912388647056,False,216.11572056214015,139200,14400.108161449432,9.666594058831633,114132,0.8199137931034483
8,jan_vandelden,5,0.32537370176715136,0.32537370176715136,False,231.82005372842153,127636,14400.126099824905,8.8635334937485,90816,0.711523394653546
8,jan_vandelden,6,0.3566870732316237,0.3566870732316237,False,223.79071633021036,137684,14400.00498175621,9.561385581076944,121024,0.8789982859301008
8,jan_vandelden,7,0.33166573618172207,0.33166573618172207,False,153.32984165350595,130952,14400.271106004715,9.093717683231311,89004,0.6796688863094874
8,jan_vandelden,8,0.47962155514001603,0.47962155514001603,False,182.31366961399715,131816,14400.319513559341,9.15368578286628,113463,0.860768040298598
8,jan_vandelden,9,0.41960489327729733,0.41960489327729733,False,239.2220093568166,139644,14400.04681634903,9.697468472217452,118911,0.8515296038497895
8,jan_vandelden,10,0.4136678123624365,0.4136678123624365,False,80.18546248674393,135900,14400.254366159439,9.437333295956538,121446,0.8936423841059603
9,bamba,1,0.432759140442952,0.432759140442952,False,59.990635772546135,138208,14400.231063604355,9.597623773504004,96386,0.6973981245658717
9,bamba,2,0.15746906437559843,0.15746906437559843,False,59.44919849236806,137832,14400.826837062836,9.571117100392268,85090,0.6173457542515526
9,bamba,3,0.43117488550092375,0.43117488550092375,False,42.3508531053861,135792,14400.72601222992,9.429524586793587,96529,0.7108592553316837
9,bamba,4,0.45265777212869507,0.45265777212869507,False,59.186931637922925,147928,14400.446544647217,10.272459228355405,107195,0.7246430696014278
9,bamba,5,0.4601701176461265,0.4601701176461265,False,59.185887257258095,132408,14400.514985322952,9.1946711721734,82418,0.6224548365657664
9,bamba,6,0.4784266062989565,0.4784266062989565,False,184.74949482282003,145208,14400.295981645584,10.083681626063804,104008,0.7162690760839623
9,bamba,7,0.2737250061346232,0.2737250061346232,False,183.6407317916552,136856,14400.138664245605,9.503797372437983,86172,0.62965452738645
9,bamba,8,0.18264341811724222,0.18264341811724222,False,58.9219758828481,145096,14400.053825378418,10.076073448023173,87102,0.600306004300601
9,bamba,9,0.14588982313556428,0.14588982313556428,False,59.61010750134786,144032,14400.176737070084,10.002099462378217,111031,0.7708773050433237
9,bamba,10,0.49622202517457775,0.49622202517457775,False,62.64034044742584,142592,14400.188604354858,9.902092529321303,97240,0.6819456912028725
10,campi,1,0.5746437790781045,0.5746437790781045,False,202.1713619629542,55352,14400.081729412079,3.8438670724308377,43241,0.7812003179650239
10,campi,2,0.2091682701688333,0.2091682701688333,False,222.9364386121432,55158,14400.001747608185,3.830416201800923,37859,0.6863736901265456
10,campi,3,0.7840607356064925,0.7840607356064925,False,160.9258469780286,55386,14400.10089969635,3.8462230498098737,43168,0.7794027371537934
10,campi,4,0.19492623568198697,0.19492623568198697,False,223.66943461894988,58219,14400.163502454758,4.04294020620499,52762,0.906267713289476
10,campi,5,0.7382981234101508,0.7382981234101508,False,226.14117563168207,53686,14400.160379171371,3.7281529223558034,41927,0.780967105018068
10,campi,6,-0.09385732030466276,-0.09385732030466276,False,208.4256561756134,57699,14400.102711439133,4.006846420210958,50290,0.8715922286348117
10,campi,7,0.17297685514474614,0.17297685514474614,False,234.39383254051208,54820,14400.133239746094,3.806909220026536,44286,0.8078438526085371
10,campi,8,0.519911852862475,0.519911852862475,False,154.00794973373414,55129,14400.226592302322,3.828342536600733,36593,0.6637704293566
10,campi,9,0.11550179338622453,0.11550179338622453,False,188.6931994597117,58294,14400.010902881622,4.048191379378375,49046,0.8413558856829176
10,campi,10,0.4364814393571942,0.4364814393571942,False,139.52562411228817,57707,14400.05616569519,4.007414925052418,49724,0.8616632297641534
11,anasjn,1,0.397811496342618,0.397811496342618,False,193.55319799582165,55768,14400.149807929993,3.872737488417601,13465,0.2414467077894133
11,anasjn,2,0.22811331601042972,0.22811331601042972,False,6.447635630766551,55054,14400.037411212921,3.823184511807652,9546,0.17339339557525338
11,anasjn,3,0.320922083865198,0.320922083865198,False,48.25588235855103,56053,14400.156597614288,3.8925271138569735,11535,0.20578737980125952
11,anasjn,4,0.18788093950213447,0.18788093950213447,False,3.3453764001528423,58045,14400.193296194077,4.030848670298134,7576,0.13051942458437418
11,anasjn,5,0.3766767471627517,0.3766767471627517,False,99.44023257096609,54015,14400.13993024826,3.7510052167297774,6256,0.11581967971859669
11,anasjn,6,0.41517435964493987,0.41517435964493987,False,175.8646728714307,58406,14400.233146429062,4.055906554157659,9930,0.17001677909803786
11,anasjn,7,0.4094998652063789,0.4094998652063789,False,8.420236007372539,55075,14400.0328540802,3.8246440517248326,929,0.01686790739900136
11,anasjn,8,0.5394643487128257,0.5394643487128257,False,16.296427671114603,55314,14400.050184249878,3.841236613223747,13709,0.24783960660953827
11,anasjn,9,0.3939269822719303,0.3939269822719303,False,28.055190165837605,58220,14400.198808193207,4.042999737397714,6073,0.10431123325317761
11,anasjn,10,0.3904392972550744,0.3904392972550744,False,137.72821211417516,58142,14400.234025001526,4.037573271313127,14402,0.24770389735475215
12,matin,1,0.5177495769733848,0.5177495769733848,False,186.97615439097086,130716,14400.340739965439,9.077285208760534,119803,0.9165136632087885
12,matin,2,0.6249232320208379,0.6249232320208379,False,227.46955311695734,129840,14400.146030664444,9.016575229411684,117776,0.9070856438693777
12,matin,3,0.5001376603326172,0.5001376603326172,False,239.97092139323553,129472,14400.043672323227,8.991083842950017,118729,0.9170245304003954
12,matin,4,0.49121939048427243,0.49121939048427243,False,234.5819609761238,138976,14400.302367925644,9.650908463529674,130551,0.939378022104536
12,matin,5,0.20503266352847463,0.20503266352847463,False,182.91236491998038,127300,14400.03583073616,8.840255781050523,117574,0.9235978004713276
12,matin,6,0.418154922070789,0.418154922070789,False,98.58852311770121,138220,14400.091497182846,9.598550122201695,124188,0.8984806829691796
12,matin,7,0.44286838705226217,0.44286838705226217,False,165.0076497276624,130056,14400.20932149887,9.031535382324769,115099,0.8849956941625146
12,matin,8,0.23662692431625965,0.23662692431625965,False,228.61412947972616,131464,14400.381712913513,9.129202448995496,121413,0.9235456094444107
12,matin,9,0.41345412619028665,0.41345412619028665,False,199.33275371789932,137220,14400.041914224625,9.529138930106278,127721,0.9307753971724239
12,matin,10,0.4447392449689477,0.4447392449689477,False,195.27715824445087,134556,14400.34887266159,9.343940288519569,123369,0.916859894765005
13,exirifard,1,0.6066677145791048,0.6066677145791048,False,127.52887034813563,138152,14400.767750740051,9.59337740815245,82558,0.5975881637616538
13,exirifard,2,0.46852209679676576,0.46852209679676576,False,239.79895362059275,137952,14400.546736478806,9.57963628217992,90334,0.6548219670610067
13,exirifard,3,0.17367534498649653,0.17367534498649653,False,236.80910943746568,135992,14400.423602581024,9.443611087636743,78556,0.5776516265662686
13,exirifard,4,0.28064816099062895,0.28064816099062895,False,239.1639873623848,148072,14400.644815921783,10.282317347087623,89614,0.6052055756658923
13,exirifard,5,0.6106094985225431,0.6106094985225431,False,237.84337274630863,133344,14400.108829021454,9.259930017422047,73804,0.5534857211423087
13,exirifard,6,0.4248191198578094,0.4248191198578094,False,237.6603192448616,144248,14400.133966445923,10.017129030612876,79972,0.5544063002606622
13,exirifard,7,0.741134925386832,0.741134925386832,False,238.84038988749185,137472,14400.334665060043,9.546444801283151,89166,0.6486120810055865
13,exirifard,8,0.18455987153119377,0.18455987153119377,False,239.75625173250833,145672,14400.501255750656,10.115758987335788,83698,0.5745647756603878
13,exirifard,9,0.4437255674442788,0.4437255674442788,False,239.12952270507813,144128,14400.674086332321,10.008420379209323,103181,0.7158983681172292
13,exirifard,10,0.42250336770818103,0.42250336770818103,False,234.09013607899348,143256,14400.291277170181,9.948132106682735,80935,0.5649676104316748
14,alirezaafshan,1,0.5279998026469,0.5279998026469,False,188.67255042791368,135528,14398.205254793167,9.41283983674859,100448,0.741160498199634
14,alirezaafshan,2,0.558339729854107,0.558339729854107,False,238.39117088317872,136008,14398.690905332565,9.445858716894142,78585,0.5777968943003353
14,alirezaafshan,3,0.4574791037350724,0.4574791037350724,False,214.9781245271365,134936,14398.25824379921,9.371689110945894,91814,0.6804262761605502
14,alirezaafshan,4,0.4200391918233619,0.4200391918233619,False,236.06591935952505,146120,14398.663983106613,10.148163758209572,94833,0.6490076649329318
14,alirezaafshan,5,0.3559707552178489,0.3559707552178489,False,235.20778050025305,131800,14398.443765640259,9.153767042138336,93791,0.7116160849772383
14,alirezaafshan,6,0.4504012715738642,0.4504012715738642,False,214.80000870227815,142768,14398.355177640915,9.915577039084521,94183,0.6596926482124846
14,alirezaafshan,7,0.7781541672950968,0.7781541672950968,False,238.05408164262772,136280,14398.434532165527,9.46491784892003,87083,0.6390005870267097
14,alirezaafshan,8,0.18553667179964997,0.18553667179964997,False,228.97284372647604,143544,14398.000790596008,9.969717468952712,89447,0.623132976648275
14,alirezaafshan,9,0.28050909141974706,0.28050909141974706,False,232.9860878308614,142904,14398.68039059639,9.924798392867233,70271,0.4917357106868947
14,alirezaafshan,10,0.42850280385907275,0.42850280385907275,False,118.4276038090388,140592,14398.105040073395,9.764618302804333,97249,0.6917107659041766
15,mindsculptor,1,1.0016079656639372,1.0016079656639372,False,169.5186161875725,54156,14400.012465000153,3.760830077864757,26449,0.4883854051259325
15,mindsculptor,2,0.3388454864950966,0.3388454864950966,False,113.8979543964068,53559,14400.253685235977,3.7193094768123403,41002,0.7655482738662036
15,mindsculptor,3,0.23936165237133275,0.23936165237133275,False,239.87916455666223,53666,14400.087831020355,3.7267828245042973,36268,0.6758096373867999
15,mindsculptor,4,0.2809610747188232,0.2809610747188232,False,235.00980947415033,56168,14400.136761426926,3.9005185110779634,42119,0.7498753738783649
15,mindsculptor,5,0.2515275065369806,0.2515275065369806,False,239.6706286986669,52425,14400.075904369354,3.6406058098688843,39747,0.7581688125894135
15,mindsculptor,6,0.42589308574012286,0.42589308574012286,False,239.74627468585967,56526,14400.208874940872,3.925359728522139,44033,0.7789866610055549
15,mindsculptor,7,0.5803758064854359,0.5803758064854359,False,239.5460922320684,53526,14400.037466526031,3.7170736620946445,37158,0.6942046855733662
15,mindsculptor,8,0.4014031802971783,0.4014031802971783,False,136.52977178891499,53282,14400.184686899185,3.7000914334435038,41419,0.7773544536616493
15,mindsculptor,9,0.5207772177546558,0.5207772177546558,False,108.51974729299545,57088,14400.010775327682,3.964441477905833,41073,0.7194681894618834
15,mindsculptor,10,0.4108513649227269,0.4108513649227269,False,237.03220808903376,56065,14400.09177684784,3.893377963752989,43456,0.7751003299741371
16,romainm,1,0.4132714295989668,0.4132714295989668,False,175.12557181914647,132608,14400.183173418045,9.208771749847402,88654,0.6685418677606177
16,romainm,2,0.4652680644877324,0.4652680644877324,False,190.06024652322134,131440,14400.328069448471,9.127569828000045,87875,0.6685559951308582
16,romainm,3,0.4421833257410221,0.4421833257410221,False,230.06700851917267,129700,14400.36616063118,9.006715423291372,86106,0.6638858905165768
16,romainm,4,0.5305654010592964,0.5305654010592964,False,45.82481573025385,139992,14400.149186134338,9.721565949802516,94809,0.6772458426195782
16,romainm,5,0.41119958878334983,0.41119958878334983,False,49.34641273816427,127272,14400.24614906311,8.838182256230418,76102,0.5979477025583003
16,romainm,6,0.40258968781411214,0.40258968781411214,False,57.323026637236275,139036,14400.081068277359,9.655223421365953,91106,0.6552691389280474
16,romainm,7,0.5038103370298549,0.5038103370298549,False,128.95051151911417,131152,14400.428540706635,9.107506740460122,81785,0.6235894229596194
16,romainm,8,0.44775989513342096,0.44775989513342096,False,180.59131503105164,132096,14400.23694062233,9.173182395864888,79179,0.5994049781976745
16,romainm,9,0.4493365848208554,0.4493365848208554,False,112.15005687872569,138468,14400.381875753403,9.615578336373499,92490,0.6679521622324291
16,romainm,10,0.5334676613819008,0.5334676613819008,False,134.8599137544632,136232,14400.241255521774,9.460397057428592,84375,0.6193478771507428
17,aekovalenko,1,0.5226867510891089,0.5226867510891089,False,143.54984395106632,145560,14400.56820845604,10.107934485149475,111942,0.7690436933223413
17,aekovalenko,2,0.39896411070297105,0.39896411070297105,False,204.51437579790752,143050,14400.746196746826,9.933513030895263,109845,0.7678783642083188
17,aekovalenko,3,0.4014188474688588,0.4014188474688588,False,200.82821474870045,141210,14400.187497615814,9.80612231773924,100153,0.7092486367820976
17,aekovalenko,4,0.45940396523031396,0.45940396523031396,False,222.00950946410498,154400,14400.304136276245,10.721995767509261,116750,0.7561528497409327
17,aekovalenko,5,0.4541303228021523,0.4541303228021523,False,188.93172470331191,139210,14400.191931962967,9.667232260356654,90668,0.6513037856475827
17,aekovalenko,6,0.43791203542047014,0.43791203542047014,False,232.01373442808787,150620,14400.100438594818,10.459649267189258,100837,0.6694794847961758
17,aekovalenko,7,0.4410052056296131,0.4410052056296131,False,205.92496375242868,142300,14400.164433956146,9.881831603564962,100068,0.7032185523541813
17,aekovalenko,8,0.6134371127457338,0.6134371127457338,False,185.19355172316233,150890,14400.003282546997,10.478469833606272,90348,0.5987673139373053
17,aekovalenko,9,0.5205574127394975,0.5205574127394975,False,230.75760276317595,149940,14400.814486980438,10.411911085693001,98285,0.6554955315459517
17,aekovalenko,10,0.4710525784305035,0.4710525784305035,False,228.5615248878797,149320,14400.621060848236,10.368997237623628,111897,0.7493771765336191
18,bgkang,1,0.49387892486549545,0.49387892486549545,False,227.38563820123673,55948,14400.172724962234,3.885231175249443,49578,0.8861442768284836
18,bgkang,2,0.6220582971350374,0.6220582971350374,False,235.64218740860622,55323,14400.254719734192,3.8418070427730036,46200,0.835095710644759
18,bgkang,3,0.539380576713256,0.539380576713256,False,219.58337105115254,55840,14400.131492376328,3.87774236850286,48300,0.8649713467048711
18,bgkang,4,0.4151037618953034,0.4151037618953034,False,236.3733208735784,58084,14400.216200113297,4.033550551799563,48360,0.8325872873769025
18,bgkang,5,0.36669632539312813,0.36669632539312813,False,234.3047084013621,53832,14400.132721662521,3.738298878247075,44612,0.8287264080844108
18,bgkang,6,0.6403701993342357,0.6403701993342357,False,175.1385222395261,58065,14400.11321401596,4.0322599646983335,49324,0.8494618100404718
18,bgkang,7,0.6393276150483652,0.6393276150483652,False,222.53522880872092,55060,14400.067377567291,3.8235932205271173,46746,0.8490010897203051
18,bgkang,8,0.459417783098827,0.459417783098827,False,239.59884482622147,54729,14400.24933052063,3.8005591947637005,47098,0.8605675236163642
18,bgkang,9,0.40759520313747005,0.40759520313747005,False,237.25954211155573,58828,14400.20404791832,4.085219890235106,48073,0.8171788944040252
18,bgkang,10,0.42235831378083233,0.42235831378083233,False,236.82812730868656,57660,14400.136729240417,4.004128647120246,48469,0.8406000693721818
19,dvolovenko,1,0.7194141733769146,0.7194141733769146,False,137.3965496102969,55611,14400.035383462906,3.8618655106822883,33831,0.6083508658358958
19,dvolovenko,2,0.4151566414820976,0.4151566414820976,False,238.8559607466062,55098,14400.016726016998,3.8262455557049857,46208,0.8386511307125486
19,dvolovenko,3,0.9812259987939002,0.9812259987939002,False,194.99598442316056,55884,14400.172858715057,3.8807867480687026,54964,0.983537327320879
19,dvolovenko,4,0.6406318524350724,0.6406318524350724,False,175.79874356985093,58028,14400.021705627441,4.0297161480890695,50124,0.8637898945336734
19,dvolovenko,5,0.4137288434735906,0.4137288434735906,False,233.80245070854824,53942,14400.18237376213,3.7459247806670204,46746,0.8665974565273813
19,dvolovenko,6,0.42313417677301646,0.42313417677301646,False,207.31075778802236,58086,14400.212008237839,4.033690612802861,53373,0.918861687842165
19,dvolovenko,7,0.5736914329651661,0.5736914329651661,False,239.56742043892544,54587,14400.156700611115,3.790722638294862,53001,0.9709454632055251
19,dvolovenko,8,0.6864806841153381,0.6864806841153381,False,30.796957019964854,55123,14400.141317605972,3.827948544685825,51164,0.9281788001378735
19,dvolovenko,9,0.23990300635985962,0.23990300635985962,False,239.33546451330184,58231,14400.091557264328,4.0437937334241845,55355,0.9506104995620889
19,dvolovenko,10,0.43438410069083305,0.43438410069083305,False,193.84919426838556,57796,14400.137894392014,4.013572677141381,50477,0.8733649387500865
20,angel,1,0.7654350769853153,0.7654350769853153,False,238.943798939387,55877,14400.223013877869,3.880287127925025,36600,0.6550101114948905
20,angel,2,0.4788344997191645,0.4788344997191645,False,205.81451712846757,55121,14400.175643920898,3.827800532646252,35170,0.6380508336205801
20,angel,3,0.37805674442385667,0.37805674442385667,False,180.40901629924775,55352,14400.166201591492,3.8438445240918506,54382,0.9824757912993207
20,angel,4,0.4700981829263596,0.4700981829263596,False,231.52413920164108,58629,14400.167439222336,4.07141099209095,50399,0.8596257824626038
20,angel,5,0.8346788900696706,0.8346788900696706,False,229.42592867215475,53881,14400.118394136429,3.741705347501848,6729,0.124886323564893
20,angel,6,0.47443394353911744,0.47443394353911744,False,232.86553281148275,58174,14400.030468702316,4.039852563259364,44595,0.7665795716299377
20,angel,7,0.9238272172596075,0.9238272172596075,False,216.62897844314574,54899,14400.075692176819,3.8124105159964663,33610,0.6122151587460609
20,angel,8,0.6510462635751167,0.6510462635751167,False,213.10778043667474,54835,14400.083055973053,3.807964147627248,40658,0.7414607458739856
20,angel,9,0.16883591226965233,0.16883591226965233,False,227.44060454765955,57980,14400.06741976738,4.026370037713102,50077,0.8636943773715074
20,angel,10,0.456343775892519,0.456343775892519,False,217.53216887712478,57748,14400.108941793442,4.010247438642493,43796,0.7583985592574635
21,jannatsamadov,1,0.4771642985610551,0.4771642985610551,False,178.93774807453156,56265,14400.025656223297,3.9072847051271613,50381,0.8954234426375188
21,jannatsamadov,2,0.41357219021319697,0.41357219021319697,False,184.18445144494373,54537,14400.119082927704,3.787260347357629,49407,0.9059354199900984
21,jannatsamadov,3,1.097983298669102,1.097983298669102,False,63.88162071704865,55231,14400.078806400299,3.8354651208889132,34278,0.6206297188173309
21,jannatsamadov,4,1.0432572040608095,1.0432572040608095,False,48.70875341097514,57897,14400.208835601807,4.020566691842729,50232,0.8676097207109177
21,jannatsamadov,5,0.45708563406496683,0.45708563406496683,False,102.61770915190378,54118,14400.163445472717,3.758151787993366,42311,0.781828596770021
21,jannatsamadov,6,0.41538314724501263,0.41538314724501263,False,115.1341694633166,58251,14400.039427280426,4.045197257560649,38648,0.66347358843625
21,jannatsamadov,7,0.3132273019375542,0.3132273019375542,False,194.37907916704813,54798,14400.139572381973,3.8053797829221794,47120,0.8598853972772729
21,jannatsamadov,8,0.4340067247033234,0.4340067247033234,False,239.6654196500778,55567,14400.187160491943,3.8587692910306384,45255,0.8144222290208217
21,jannatsamadov,9,0.5040462852833731,0.5040462852833731,False,239.34483455419542,59076,14400.108582019806,4.10246906566824,45117,0.7637111517367459
21,jannatsamadov,10,0.531912921553508,0.531912921553508,False,194.4009849111239,58632,14400.108890771866,4.071635877529621,46100,0.7862600627643608
22,aniketnegi,1,0.4728753412848935,0.4728753412848935,False,218.70952155590058,56263,14400.062406539917,3.907135845081314,50568,0.8987789488651512
22,aniketnegi,2,0.5037660659774053,0.5037660659774053,False,159.74609503746032,54901,14400.036473989487,3.8125597875509993,49032,0.8930984863663686
22,aniketnegi,3,0.49386815069875967,0.49386815069875967,False,194.52984076340994,55670,14400.078743219376,3.865951082122628,53636,0.9634632656727142
22,aniketnegi,4,0.48843693758202594,0.48843693758202594,False,203.3854247570038,57639,14400.118256807327,4.002675462248546,46139,0.8004823123232534
22,aniketnegi,5,0.5678070510276646,0.5678070510276646,False,91.62286252180735,54058,14400.088128328323,3.75400480318279,41489,0.7674904731954567
22,aniketnegi,6,0.49093386093510305,0.49093386093510305,False,217.9990927696228,57834,14400.107015371323,4.016220152965904,37801,0.6536120621087942
22,aniketnegi,7,0.17547698852390642,0.17547698852390642,False,226.6680495897929,54725,14400.134398937225,3.800311752926339,51609,0.9430607583371402
22,aniketnegi,8,1.1938648564417664,1.1938648564417664,False,239.79502619902294,54652,14400.14322423935,3.795240029835665,51608,0.9443021298397131
22,aniketnegi,9,0.8804037420345188,0.8804037420345188,False,167.15088785886763,57843,14400.197959423065,4.016819780046791,46180,0.7983679961274485
22,aniketnegi,10,0.4264235544920408,0.4264235544920408,False,137.3101678053538,58060,14400.220578193665,4.031882684347251,50125,0.8633310368584223
23,hocayi,1,0.3188122358184475,0.3188122358184475,False,154.6304226199786,56026,14400.062129020691,3.8906776580560614,49521,0.8838931924463642
23,hocayi,2,0.510947906288401,0.510947906288401,False,223.67482286294302,55101,14400.05895447731,3.8264426676439287,52009,0.9438848659733943
23,hocayi,3,1.3562881138303176,1.3562881138303176,False,233.20571244557698,55534,14400.1623108387,3.85648430908315,45271,0.81519429538661
23,hocayi,4,0.674345986477436,0.674345986477436,False,180.4165010770162,58140,14400.039604187012,4.0374888957315775,54915,0.9445304437564499
23,hocayi,5,0.4342954773135706,0.4342954773135706,False,135.81254838307697,54007,14400.142156124115,3.7504490868537586,32818,0.6076619697446627
23,hocayi,6,0.41118223501220974,0.41118223501220974,False,145.38006071647007,58082,14400.196501731873,4.033417182398493,44199,0.7609758617127509
23,hocayi,7,0.4268347262973924,0.4268347262973924,False,46.89728905359904,55000,14400.183284759521,3.8193958307606697,47448,0.8626909090909091
23,hocayi,8,0.6219719038720927,0.6219719038720927,False,224.62475640773772,55016,14400.131086111069,3.8205207765825793,41108,0.7472008143085648
23,hocayi,9,0.5700992500453113,0.5700992500453113,False,208.95740497907002,58374,14400.1592669487,4.0537051651907925,46263,0.7925274951176894
23,hocayi,10,0.42729759157123015,0.42729759157123015,False,239.89703262249628,58407,14400.059835195541,4.056024812983486,46817,0.8015648809218073
24,nya-a-cat,1,0.6496624285194406,0.6496624285194406,False,238.04364441633226,140445,14400.111481904984,9.753049493851599,98663,0.7025027590871872
24,nya-a-cat,2,0.7491899367087004,0.7491899367087004,False,236.24159075021743,141272,14400.035432338715,9.810531415967215,95866,0.6785916529814825
24,nya-a-cat,3,0.14471614872103977,0.14471614872103977,False,232.5225114107132,138232,14400.136002779007,9.5993537820284,99571,0.720318016088894
24,nya-a-cat,4,0.4222797621174772,0.4222797621174772,False,234.33227657079698,150072,14400.211145162582,10.421513857483486,108467,0.7227664054587132
24,nya-a-cat,5,0.414730853244415,0.414730853244415,False,238.67149688402813,135052,14400.089198827744,9.378553016948956,93373,0.6913855403844446
24,nya-a-cat,6,0.8171521508588402,0.8171521508588402,False,239.88258825540544,145259,14400.094633579254,10.087364263653784,31685,0.21812762031956712
24,nya-a-cat,7,0.4141315799172278,0.4141315799172278,False,230.04224225680034,138996,14400.019764661789,9.652486751518328,101727,0.7318699818699819
24,nya-a-cat,8,0.42466079192628337,0.42466079192628337,False,238.61898487408956,148634,14400.258016347885,10.321620614801716,105211,0.7078528465896093
24,nya-a-cat,9,0.4056391429310988,0.4056391429310988,False,221.73882323900858,146470,14400.081465244293,10.171470234631425,106357,0.7261350447190551
24,nya-a-cat,10,1.7346571928650065,1.7346571928650065,False,236.9534878452619,143227,14400.1849629879,9.946191689074094,34287,0.23938922130603868
25,lodev,1,0.38095129841910186,0.38095129841910186,False,201.71550744771957,55753,14400.023802042007,3.8717297114532476,38702,0.6941689236453644
25,lodev,2,0.3084304113968742,0.3084304113968742,False,237.67891816298166,54905,14400.140134572983,3.812810117602938,42489,0.7738639468172298
25,lodev,3,0.4612802828774899,0.4612802828774899,False,210.83723646004995,55556,14400.124140024185,3.8580222961818644,40524,0.7294261645906833
25,lodev,4,2.5301773432288175,2.5301773432288175,False,127.79247995217641,58081,14400.039469957352,4.033391722375051,16057,0.27645873865808096
25,lodev,5,0.4169320668090676,0.4169320668090676,False,239.88832399845123,53912,14400.254421710968,3.7438227423758557,40381,0.7490169164564475
25,lodev,6,0.43426833459059866,0.43426833459059866,False,237.90188010136288,58401,14400.077683925629,4.055603121168663,34769,0.5953493947021455
25,lodev,7,0.16800138824996871,0.16800138824996871,False,237.01163869698843,55279,14400.224889278412,3.8387594933435794,25921,0.4689122451563885
25,lodev,8,0.4109280132400466,0.4109280132400466,False,214.25844662189485,54820,14400.029630184174,3.806936611094936,32954,0.6011309740970449
25,lodev,9,0.6523687855871236,0.6523687855871236,False,199.17547608613967,58547,14400.088477373123,4.065738907923723,40768,0.696329444719627
25,lodev,10,0.42106427654647555,0.42106427654647555,False,178.07406414349873,57812,14400.007836818695,4.01472003731715,38764,0.6705182315090292
26,mnn31,1,1.5430321967827982,1.5430321967827982,False,239.57746547063192,56767,14400.084743976593,3.9421295783516173,5336,0.09399827364489932
26,mnn31,2,1.3075897252263888,1.3075897252263888,False,225.11583478450774,55636,14400.03252363205,3.863602384834559,15520,0.27895607160831115
26,mnn31,3,0.25314294672565735,0.25314294672565735,False,210.48704278469086,56723,14400.23571896553,3.939032742727548,50479,0.8899211959875183
26,mnn31,4,0.9041226375660395,0.9041226375660395,False,157.52089062929153,58751,14400.191511631012,4.079876295571966,35633,0.6065088253816956
26,mnn31,5,0.47595638457065875,0.47595638457065875,False,169.38016377687455,54690,14400.0318505764,3.7979082662800416,32880,0.6012068019747668
26,mnn31,6,0.3749958468520561,0.3749958468520561,False,116.03958685795466,58985,14400.010986804962,4.0961774302845475,48581,0.8236161736034585
26,mnn31,7,0.6787965766035091,0.6787965766035091,False,168.18176123301188,55648,14400.06968665123,3.8644257431327107,43348,0.7789677975848188
26,mnn31,8,0.4127010855049306,0.4127010855049306,False,194.03443597555162,56043,14400.052857160568,3.891860714395369,50247,0.8965794122370323
26,mnn31,9,0.1724273373048461,0.1724273373048461,False,186.48792068163553,59697,14400.0945687294,4.145597774728183,49722,0.8329061761897583
26,mnn31,10,0.42321959685501964,0.42321959685501964,False,208.33174598614374,58338,14400.13211274147,4.051212832164338,47941,0.8217799718879633
27,syurenuko,1,3.9788121262639677,3.9788121262639677,False,239.32922646999359,132580,14400.297597408295,9.206754173181892,46611,0.35156886408206367
27,syurenuko,2,0.18970009156178147,0.18970009156178147,False,238.59947950045267,132128,14400.266642808914,9.17538565620804,108828,0.8236558488738194
27,syurenuko,3,0.12151027082764991,0.12151027082764991,False,239.99443195263544,129808,14400.251106023788,9.014287254039608,115648,0.8909158141254776
27,syurenuko,4,0.4119998463176725,0.4119998463176725,False,238.3999885757764,141156,14400.468892335892,9.802180821704006,109090,0.7728328941029783
27,syurenuko,5,0.4208811949034886,0.4208811949034886,False,234.98677310943603,127776,14400.227919101715,8.873192890961594,105617,0.8265793263210619
27,syurenuko,6,0.5349710324595798,0.5349710324595798,False,237.2880691766739,140196,14400.329746246338,9.73561039715387,109278,0.7794658906102885
27,syurenuko,7,0.3710491518368528,0.3710491518368528,False,234.56157121658325,130404,14400.44721364975,9.055552099548269,104359,0.8002745314560903
27,syurenuko,8,0.42436616011427514,0.42436616011427514,False,239.60000828504562,132496,14400.466038703918,9.200813337838683,106410,0.8031185847119913
27,syurenuko,9,0.4176702220046788,0.4176702220046788,False,233.28450320164362,140664,14400.313270568848,9.768120828835512,117812,0.8375419439231075
27,syurenuko,10,0.41013517103187397,0.41013517103187397,False,234.108273879687,135900,14400.191702604294,9.437374363247004,111274,0.8187932303164092
28,carlometta,1,0.6753324613914237,0.6753324613914237,False,232.13849160671234,55948,14400.002528190613,3.885277095644369,20366,0.36401658683062843
28,carlometta,2,0.4648070851131733,0.4648070851131733,False,151.5730044921239,55285,14400.053012132645,3.8392219774066167,44106,0.7977932531428055
28,carlometta,3,0.4737117110465267,0.4737117110465267,False,175.8381659269333,55629,14400.067667722702,3.8631068466914673,53691,0.9651620557622823
28,carlometta,4,1.1560912977069213,1.1560912977069213,False,239.80473092794418,57995,14400.23142361641,4.0273658314190754,53317,0.9193378739546513
28,carlometta,5,0.46035068822359665,0.46035068822359665,False,168.13130801121395,54132,14400.021212339401,3.7591611291248794,38685,0.7146419862558191
28,carlometta,6,0.4504452807690318,0.4504452807690318,False,153.21285694440206,58135,14400.126030683517,4.03711744439785,43745,0.7524726928700438
28,carlometta,7,0.8950873889429712,0.8950873889429712,False,149.16570372978848,54971,14400.212844371796,3.8173741314861855,34218,0.6224736679340016
28,carlometta,8,0.4746036558108937,0.4746036558108937,False,164.27679067055385,54875,14400.024555444717,3.810757390635942,50516,0.9205649202733486
28,carlometta,9,1.410814592277052,1.410814592277052,False,222.02630881865818,58681,14400.185511827469,4.0750169469555,40322,0.687138937645916
28,carlometta,10,1.0226424471860023,1.0226424471860023,False,230.71588602860768,57983,14400.02175617218,4.026591138665965,40097,0.6915302761154132
29,hangglider5,1,0.43682892648800076,0.43682892648800076,False,232.02169162829716,55246,14400.07866692543,3.8365068190141773,42366,0.7668609492089925
29,hangglider5,2,0.9363305110074545,0.9363305110074545,False,239.97747724850973,54903,14400.235906124115,3.812645873158989,43746,0.7967870608163489
29,hangglider5,3,0.33793483528998863,0.33793483528998863,False,227.1576614499092,55314,14400.07634139061,3.841229635776941,48588,0.8784032975376939
29,hangglider5,4,2.9605440776218903,2.9605440776218903,False,149.05323394536973,57114,14400.174014568329,3.966202071045743,15631,0.2736807087579228
29,hangglider5,5,0.449314240201048,0.449314240201048,False,183.83718872070312,53562,14400.122821807861,3.719551608190767,23088,0.4310518651282626
29,hangglider5,6,0.4518866561931965,0.4518866561931965,False,221.86233369906742,57790,14400.176798820496,4.013145172268546,40035,0.6927669146911231
29,hangglider5,7,0.712416674201332,0.712416674201332,False,197.94567910432815,54443,14400.005568265915,3.7807624269242672,43031,0.7903862755542495
29,hangglider5,8,0.44010284671548117,0.44010284671548117,False,231.4310017824173,54575,14400.05089378357,3.789917160887241,42389,0.776710948236372
29,hangglider5,9,0.6630371877328495,0.6630371877328495,False,229.38894143501918,57751,14400.180268526077,4.010435905877106,43821,0.7587920555488217
29,hangglider5,10,0.5393073788095392,0.5393073788095392,False,101.26954193909962,57368,14400.078012228012,3.9838673062246763,27750,0.48371914656254356
30,luziyi,1,0.3837134727452903,0.3837134727452903,False,222.06116919517518,55360,14400.10188794136,3.8444172430723174,39382,0.7113800578034682
30,luziyi,2,1.3471106596564526,1.3471106596564526,False,237.36431053479512,55045,14400.231652498245,3.8225079518391247,30960,0.5624489054410028
30,luziyi,3,0.5648688184455185,0.5648688184455185,False,239.99201869169872,55083,14400.044684171677,3.825196463490592,45561,0.8271335983878874
30,luziyi,4,0.4881752090452646,0.4881752090452646,False,110.32961866458257,57544,14400.009790420532,3.9961083941957174,43119,0.7493222577505908
30,luziyi,5,0.8203618085909038,0.8203618085909038,False,239.99166434208553,53504,14400.0396296978,3.7155453301431534,25917,0.48439369019138756
30,luziyi,6,0.5259351049563078,0.5259351049563078,False,233.50680319865543,57848,14400.21687412262,4.017161720942802,27845,0.4813476697552206
30,luziyi,7,0.36172709362142086,0.36172709362142086,False,222.29647917350133,54694,14400.259277820587,3.7981260576495455,48131,0.8800051193915237
30,luziyi,8,1.7770521220470137,1.7770521220470137,False,205.3225659608841,54575,14400.240551233292,3.789867246024997,31208,0.5718369216674302
30,luziyi,9,0.7929589602676128,0.7929589602676128,False,12.103275271256765,57557,14400.13816523552,3.996975538675926,2159,0.037510641624824086
30,luziyi,10,1.7829389972439866,1.7829389972439866,False,160.86950584252676,57721,14400.00483250618,4.008401432595507,36720,0.6361636146289912
31,s_boehler,1,0.5661247293234736,0.5661247293234736,False,143.90449577967325,56400,14400.21377491951,3.9166085227311322,53124,0.9419148936170213
31,s_boehler,2,3.757507436205003,3.757507436205003,False,218.6419815103213,54904,14400.195463895798,3.81272602428595,42203,0.7686689494390209
31,s_boehler,3,0.7913382690766924,0.7913382690766924,False,86.65162532726923,55382,14400.075117588043,3.845952159815974,53556,0.9670289985916002
31,s_boehler,4,0.5237689313945006,0.5237689313945006,False,59.109093030293785,57835,14400.027302742004,4.016311829421827,40691,0.7035705022910003
31,s_boehler,5,0.4323418046996501,0.4323418046996501,False,232.74585732618968,54160,14400.252470254898,3.7610451699977254,44356,0.8189807976366322
31,s_boehler,6,0.4463424417342667,0.4463424417342667,False,181.19851597150168,58253,14400.235646724701,4.045281023803906,52844,0.9071464130602716
31,s_boehler,7,0.921810198501089,0.921810198501089,False,107.68332895437877,55458,14400.256040096283,3.851181523827211,53930,0.9724476180172382
31,s_boehler,8,0.4479211811235514,0.4479211811235514,False,235.27175114154815,54759,14400.080191373825,3.8026871567564355,43750,0.7989554228528644
31,s_boehler,9,0.52106317193189,0.52106317193189,False,148.04001154502234,58841,14400.118869304657,4.086146825178345,55425,0.9419452422630479
31,s_boehler,10,0.4501555712367788,0.4501555712367788,False,234.42770120302836,58339,14400.191230535507,4.0512656440487085,35040,0.6006273676271447
32,martianlantern,1,0.33306908763500553,0.33306908763500553,False,70.44319178263346,56186,14400.130326509476,3.901770242771075,50822,0.904531377923326
32,martianlantern,2,1.5690022187339474,1.5690022187339474,False,21.398962450027465,54775,14400.062629699707,3.8038029006226797,2769,0.05055225924235509
32,martianlantern,3,0.6987700468054041,0.6987700468054041,False,217.58746363719305,55434,14400.212338209152,3.849526569334874,38998,0.7035032651441354
32,martianlantern,4,0.43164175758649137,0.43164175758649137,False,185.8576052904129,57785,14400.068918704987,4.012828016742344,48781,0.8441810158345592
32,martianlantern,5,0.4830174534083956,0.4830174534083956,False,99.3884550134341,54090,14400.139129638672,3.756213708287777,37714,0.6972453318543169
32,martianlantern,6,0.4404245320932445,0.4404245320932445,False,205.76537146170935,58451,14400.05831003189,4.0590807857548565,46241,0.7911070811448906
32,martianlantern,7,0.6335788313919777,0.6335788313919777,False,95.74655727942785,55509,14400.17200756073,3.854745621847802,47641,0.8582572195499829
32,martianlantern,8,0.4973880414986466,0.4973880414986466,False,189.8240476846695,54962,14400.080515146255,3.816784214656995,53004,0.964375386630763
32,martianlantern,9,3.913440190345051,3.913440190345051,False,153.5610584894816,58785,14400.144146203995,4.082250802711322,41302,0.7025941992004763
32,martianlantern,10,0.42480185225549155,0.42480185225549155,False,238.47252838214237,58182,14400.2069170475,4.040358609786502,47113,0.8097521570245093
33,nityawav,1,3.7150630567549467,3.7150630567549467,False,14.887001442909241,55588,14400.246167182922,3.8602117876763016,1094,0.019680506584154853
33,nityawav,2,0.5493516247278665,0.5493516247278665,False,137.21701427300772,55181,14400.094087600708,3.831988851205767,27749,0.5028723654881209
33,nityawav,3,0.8013882061836247,0.8013882061836247,False,223.5849153836568,55599,14400.005257368088,3.8610402570201505,51940,0.9341894638392777
33,nityawav,4,0.3163009862226942,0.3163009862226942,False,105.59224651654561,58044,14400.089254379272,4.03080834949325,54138,0.9327062228654125
33,nityawav,5,0.47371195772759506,0.47371195772759506,False,209.62488366762798,54219,14400.026698589325,3.765201352391345,40299,0.7432634316383555
33,nityawav,6,2.223046472957061,2.223046472957061,False,207.59928209781646,58580,14400.061818361282,4.068038091704968,42728,0.7293956981905088
33,nityawav,7,0.41684354443936045,0.41684354443936045,False,163.94925070206324,55319,14400.037301778793,3.841587270969542,42205,0.7629385925269799
33,nityawav,8,0.41165075040997073,0.41165075040997073,False,91.36935351292293,54966,14400.25078201294,3.817016858390891,47622,0.8663901320816505
33,nityawav,9,0.4365169315936099,0.4365169315936099,False,235.67763366301855,58869,14400.056291818619,4.088109018951987,29139,0.4949803801661316
33,nityawav,10,0.4232078174266155,0.4232078174266155,False,231.22314382394154,58388,14400.159685373306,4.054677258843631,48446,0.8297252860176748
34,cameronspirals,1,0.807342329569103,0.807342329569103,False,159.15769723653793,55633,14400.254952192307,3.8633343773910327,50891,0.9147628206280445
34,cameronspirals,2,4.3460735584800565,4.3460735584800565,False,126.61115653912226,54876,14400.049063682556,3.810820349105563,49588,0.9036372913477658
34,cameronspirals,3,0.5341602993581175,0.5341602993581175,False,239.38228190342585,55210,14400.067045211792,3.834009926943919,49950,0.9047274044557145
34,cameronspirals,4,0.8156084097655582,0.8156084097655582,False,105.95192538897196,58006,14400.09456539154,4.028167991299772,54342,0.9368341206082129
34,cameronspirals,5,1.847510637320591,1.847510637320591,False,237.6416316787402,53876,14400.079258918762,3.74136829605515,30055,0.5578550746157844
34,cameronspirals,6,0.4211396698017215,0.4211396698017215,False,239.86598786910375,57730,14400.223452568054,4.008965568496422,46222,0.8006582366187425
34,cameronspirals,7,0.16861616549986433,0.16861616549986433,False,239.656161181132,54741,14400.198067188263,3.8014060462634007,49410,0.9026141283498658
34,cameronspirals,8,0.41142625842698993,0.41142625842698993,False,224.1061086654663,54576,14400.243812322617,3.7899358310376714,44292,0.8115655233069481
34,cameronspirals,9,0.332998013559006,0.332998013559006,False,239.4729050119718,58958,14400.12587594986,4.094269765965572,47478,0.8052851182197497
34,cameronspirals,10,0.14632660652186463,0.14632660652186463,False,236.30444728533428,57745,14400.010574817657,4.010066499602637,53564,0.927595462810633
35,pranay,1,0.43324244376300913,0.43324244376300913,False,210.7890633145968,56497,14392.117969989777,3.9255514801787115,44346,0.7849266332725632
35,pranay,2,0.5085784508445235,0.5085784508445235,False,193.11663854122162,55064,14392.265985965729,3.8259437432364254,53021,0.9628977190178701
35,pranay,3,0.42690356613758285,0.42690356613758285,False,192.57874230146408,55459,14392.179920434952,3.8534120825751845,51087,0.921166988225536
35,pranay,4,3.9415657202573495,3.9415657202573495,False,12.904491591453553,58598,14392.20513343811,4.0715095050901144,2612,0.0445749001672412
35,pranay,5,0.7748340332773487,0.7748340332773487,False,193.0455393075943,54601,14392.218825817108,3.793786118791872,5404,0.09897254629036098
35,pranay,6,0.37650953976492546,0.37650953976492546,False,192.29372354348502,59126,14392.073770999908,4.10823352775881,51174,0.865507560125833
35,pranay,7,0.44056549782264276,0.44056549782264276,False,192.4290916800499,55350,14392.121043682098,3.84585425817397,50937,0.9202710027100272
35,pranay,8,0.4347086610879583,0.4347086610879583,False,237.48795848290126,55224,14392.261011838913,3.8370621512890404,39176,0.7094017094017094
35,pranay,9,1.2971805909003473,1.2971805909003473,False,193.40935992002488,59353,14392.04610657692,4.1240140255579565,51965,0.8755244048321063
35,pranay,10,2.126641357142828,2.126641357142828,False,194.42827672958373,58915,14392.012334108353,4.093590154892682,858,0.01456335398455402
36,thelight,1,0.4791054470962922,0.4791054470962922,False,205.31274474461873,55711,14400.185518503189,3.8687696021982094,50781,0.9115076017303585
36,thelight,2,1.6439524367801734,1.6439524367801734,False,228.3830077290535,54931,14400.071608304977,3.814633808370755,49916,0.9087036463927473
36,thelight,3,0.4658176907540876,0.4658176907540876,False,148.8850008924802,55815,14400.099014759064,3.8760150150907746,53315,0.9552091731613366
36,thelight,4,0.35992056458371224,0.35992056458371224,False,65.0091535170873,58171,14400.129360198975,4.039616488500505,54931,0.9443021436798404
36,thelight,5,0.7584081777770549,0.7584081777770549,False,200.38668836752575,54130,14400.047506809235,3.759015376470389,32171,0.594328468501755
36,thelight,6,0.4314951029634302,0.4314951029634302,False,238.8735097606977,58288,14400.014477729797,4.0477737081545815,45107,0.7738642602250893
36,thelight,7,0.9244218336539046,0.9244218336539046,False,104.69945222139359,55168,14400.006366491318,3.831109417310775,45593,0.8264392401392111
36,thelight,8,1.2337643370797846,1.2337643370797846,False,239.01353050072987,55260,14400.09123826027,3.8374756857912917,10535,0.19064422728917843
36,thelight,9,3.7421365100274206,3.7421365100274206,False,10.326199265321096,58682,14400.122323513031,4.075104272147879,40169,0.6845199550117583
36,thelight,10,1.800547706432533,1.800547706432533,False,229.65506480932237,58013,14400.130782842636,4.028643966839587,35279,0.6081223174116146
37,gabrielekarra,1,1.365915392373298,1.365915392373298,False,162.7425151149432,55435,14400.360147237778,3.849556499504169,55423,0.9997835302606657
37,gabrielekarra,2,1.2910455351466454,1.2910455351466454,False,233.55693816741308,53349,14400.289986371994,3.7047170612875093,49305,0.9241972670528033
37,gabrielekarra,3,1.9498153486421794,1.9498153486421794,False,18.51170822381973,53661,14400.346623420715,3.7263686356497683,52452,0.9774696707105719
37,gabrielekarra,4,1.7499531511940694,1.7499531511940694,False,211.66550480127336,57006,14400.27835726738,3.9586734773936376,56994,0.9997894958425428
37,gabrielekarra,5,1.4325577068792654,1.4325577068792654,False,116.45604987939198,52651,14400.268478870392,3.6562512759574695,48579,0.9226605382613815
37,gabrielekarra,6,1.2597118209694778,1.2597118209694778,False,159.60115279754004,57393,14400.256452798843,3.9855540203830926,57381,0.9997909152684126
37,gabrielekarra,7,2.1824740767016824,2.1824740767016824,False,5.6617094357808435,53808,14400.394505262375,3.736564299008392,53739,0.9987176628010704
37,gabrielekarra,8,1.4992963234145993,1.4992963234145993,False,139.2141977787018,53270,14400.390607595444,3.6992052126629744,50435,0.9467805519053877
37,gabrielekarra,9,1.3894569675215558,1.3894569675215558,False,238.81461190780004,57766,14400.398017168045,4.011416901889227,57754,0.9997922653463975
37,gabrielekarra,10,1.257793733091023,1.257793733091023,False,109.68630200227102,57350,14400.27849149704,3.982561867387743,57338,0.999790758500436
38,nancy,1,4.945954878564394,,True,,55195,14400.172756910324,3.832940127299038,0,0.0
38,nancy,2,1.9010614561498813,1.9010614561498813,False,224.8530257066091,54740,14400.141035079956,3.801351658060067,41937,0.7661125319693095
38,nancy,3,2.0585389454041545,2.0585389454041545,False,233.1970286766688,55028,14400.010037660599,3.8213862251543094,14359,0.2609398851493785
38,nancy,4,1.878089386339526,1.878089386339526,False,237.87629523277283,57566,14400.207126617432,3.997581388506187,22283,0.38708612722787755
38,nancy,5,1.7947599668614458,1.7947599668614458,False,230.07829902569452,53757,14400.21375656128,3.7330695855473874,28285,0.5261640344513273
38,nancy,6,1.5215047643135873,1.5215047643135873,False,239.91297558546066,57787,14400.010981559753,4.012983050776864,16196,0.28027064910793087
38,nancy,7,2.2723334684258587,2.2723334684258587,False,230.91991780996324,54805,14400.19106912613,3.8058522791063094,39740,0.7251163215035125
38,nancy,8,1.8955537282989376,1.8955537282989376,False,203.9102180838585,54750,14400.251413822174,3.802016952804578,29158,0.5325662100456621
38,nancy,9,1.9702455598435382,1.9702455598435382,False,218.10963286161422,58308,14400.106566667557,4.0491367011802275,36737,0.6300507649036153
38,nancy,10,1.9715417714372137,1.9715417714372137,False,200.94310131867726,57442,14400.150066375732,3.988986207451181,11399,0.1984436475053097
39,jiabao,1,2.3146201373138795,2.3146201373138795,False,157.61080197890598,165990,14401.204461336136,11.526119252430886,90546,0.5454906922103742
39,jiabao,2,2.6916849032848793,2.6916849032848793,False,221.26015998919806,161700,14400.310681819916,11.228924401203566,85049,0.5259678416821274
39,jiabao,3,2.716362540518603,2.716362540518603,False,15.845491683483123,162045,14400.798310279846,11.252501181432839,90859,0.5607022740596748
39,jiabao,4,2.5561939290999924,2.5561939290999924,False,143.8827349583308,174420,14400.197076797485,12.112334231941631,97878,0.5611627106983144
39,jiabao,5,2.8194856595645583,2.8194856595645583,False,51.199906794230145,159075,14400.399723768234,11.046568362782498,83146,0.5226842684268427
39,jiabao,6,2.3360813935734113,2.3360813935734113,False,180.07664609352747,169995,14401.028629779816,11.804365116563146,91930,0.5407806111944469
39,jiabao,7,3.0198033142925524,3.0198033142925524,False,99.04271211624146,161415,14400.409260034561,11.209056429248498,86263,0.5344174952761516
39,jiabao,8,2.846870424585036,2.846870424585036,False,37.14842518568039,173250,14400.426222324371,12.030893900308163,89143,0.5145339105339105
39,jiabao,9,2.4164375011014845,2.4164375011014845,False,47.2571333527565,173460,14400.873988628387,12.045102272054615,97222,0.5604865675083592
39,jiabao,10,2.3087604369255716,2.3087604369255716,False,229.05605473121008,170655,14400.81928062439,11.850367446080522,92012,0.5391696698016466
40,pauler,1,4.4369322411420695,4.4369322411420695,False,27.359911636511484,49953,14400.421274900436,3.4688568512274562,37171,0.7441194723039657
40,pauler,2,3.7266821625517963,3.7266821625517963,False,29.13642575740814,51483,14410.029778718948,3.572719889589072,41584,0.807722937668745
40,pauler,3,4.0687090998131294,4.0687090998131294,False,0.04210759401321411,54640,14400.342957735062,3.7943540761750008,48975,0.8963213762811127
40,pauler,4,4.447449334459916,4.447449334459916,False,29.095091064771015,54301,14400.452337265015,3.770784328731235,39932,0.7353824054805621
40,pauler,5,4.142958899728109,4.142958899728109,False,30.46790491739909,50093,14400.132510900497,3.478648544524226,42639,0.8511967740003593
40,pauler,6,4.46009907766212,4.46009907766212,False,85.58873131672541,50781,14400.220527172089,3.5264043286129008,38087,0.7500246155057995
40,pauler,7,4.371456552991335,4.371456552991335,False,46.9523753007253,50133,14400.217092990875,3.481405847999445,41323,0.8242674485867593
40,pauler,8,4.095731049072786,4.095731049072786,False,181.95770483811697,54480,14400.293234825134,3.783256292882119,41738,0.7661160058737151
40,pauler,9,3.2274390175688064,3.2274390175688064,False,48.17279926141103,50514,14400.160054683685,3.5078776769269453,40987,0.8113988201290732
40,pauler,10,3.546312122313663,3.546312122313663,False,60.893053416411085,52353,14400.2736825943,3.6355559035853187,39451,0.7535575802723817
41,oneday,1,5.210446703734699,5.210446703734699,False,1.694793689250946,854,174.90312314033508,4.882702976748937,294,0.3442622950819672
41,oneday,2,4.767820157226429,4.767820157226429,False,10.074412687619526,3425,859.4868574142456,3.9849358608042773,2883,0.8417518248175182
41,oneday,3,4.402229706198816,4.402229706198816,False,4.368285580476125,1182,267.64444637298584,4.416306842970244,861,0.7284263959390863
41,oneday,4,4.475902878906011,4.475902878906011,False,1.75139453013738,774,150.7302143573761,5.135002317218715,405,0.5232558139534884
41,oneday,5,4.936710796626853,4.936710796626853,False,1.3088361342748007,855,180.09088015556335,4.7476029839014995,496,0.5801169590643275
41,oneday,6,4.4836292284551975,4.4836292284551975,False,2.6543179829915364,930,189.06878519058228,4.918844742470606,578,0.621505376344086
41,oneday,7,4.459696538809088,4.459696538809088,False,4.4331023295720415,1473,339.6282968521118,4.337094446053784,1071,0.7270875763747454
41,oneday,8,4.604633509362939,4.604633509362939,False,1.5105499704678853,627,114.5721685886383,5.472533231444633,186,0.2966507177033493
41,oneday,9,3.3659541805954407,3.3659541805954407,False,6.5438927213350935,1868,421.3698465824127,4.433160120855138,1369,0.7328693790149893
41,oneday,10,4.317403639690071,4.317403639690071,False,3.287942401568095,1035,211.6008219718933,4.891285347357856,505,0.48792270531400966
42,kratos_,1,4.677662476724971,4.677662476724971,False,164.39419883092245,159390,14095.733721256256,11.307676716369942,61376,0.38506807202459375
42,kratos_,2,4.972167695008347,4.972167695008347,False,222.26509758631389,154530,14095.522095680237,10.963056135916938,72885,0.47165598912832457
42,kratos_,3,4.532265891509029,4.532265891509029,False,233.14374725023904,156435,14095.538464069366,11.098192552116053,110731,0.7078403170645955
42,kratos_,4,4.565561680422129,4.565561680422129,False,122.02630013227463,167685,14093.988805055618,11.897625457162997,68409,0.4079613561141426
42,kratos_,5,4.807201284843802,4.807201284843802,False,173.3211010813713,152385,14094.859926462173,10.811388037557377,90858,0.5962397873806478
42,kratos_,6,4.617712051541369,4.617712051541369,False,78.57875310182571,162780,14094.452063798904,11.549225132213163,42912,0.2636196092886104
42,kratos_,7,4.753807912337511,4.753807912337511,False,225.8383331100146,156285,14095.258475780487,11.087771130166958,103699,0.6635249704066289
42,kratos_,8,4.708517333544836,4.708517333544836,False,66.27437283595403,166515,14094.409740447998,11.81425849442541,31116,0.18686604810377444
42,kratos_,9,4.588817934414194,4.588817934414194,False,69.0318698922793,165525,14095.434193611145,11.743164327284461,98723,0.5964235009817248
42,kratos_,10,4.714679476240209,4.714679476240209,False,154.2517147898674,163860,14094.408911943436,11.625886620981102,39280,0.23971683144147443
43,nitizkhanal,1,5.673658890816644,5.673658890816644,False,1.2974528392155966,57792,14400.105084180832,4.013304046196658,16,0.0002768549280177187
43,nitizkhanal,2,5.904559764894231,5.904559764894231,False,1.8324665188789369,56625,14400.05234503746,3.932277372555113,28,0.0004944812362030905
43,nitizkhanal,3,5.1126419673265895,5.1126419673265895,False,2.7699595133463544,56781,14400.247978448868,3.943057097695633,126,0.0022190521477254716
43,nitizkhanal,4,5.555996666988692,5.555996666988692,False,1.3882117033004762,59693,14400.013179063797,4.145343428351007,32,0.0005360762568475365
43,nitizkhanal,5,5.234286693353063,5.234286693353063,False,2.68955074151357,55508,14400.11688041687,3.85469093486921,42,0.0007566476904230021
43,nitizkhanal,6,5.297491998053827,5.297491998053827,False,77.55892997582754,60316,14400.161074876785,4.188564258856118,25,0.00041448371907951457
43,nitizkhanal,7,5.2367700828447585,5.2367700828447585,False,2.72809153397878,56563,14400.006936073303,3.92798421911205,52,0.0009193288899103654
43,nitizkhanal,8,5.634681747930751,5.634681747930751,False,164.50086824099222,56202,14400.167068958282,3.902871385509952,28,0.0004982029109284367
43,nitizkhanal,9,5.129671333413101,5.129671333413101,False,2.745382527510325,60260,14400.040850877762,4.184710350757569,110,0.0018254231662794558
43,nitizkhanal,10,5.354428059664181,5.354428059664181,False,2.7864766836166384,59712,14400.158190727234,4.146621114096555,32,0.0005359056806002144
